Date,PX_LAST
05.03.2020,232.33
04.03.2020,235.27
03.03.2020,236.63
02.03.2020,228.17
28.02.2020,233.36
27.02.2020,242.88
26.02.2020,250.8
25.02.2020,245.19
21.02.2020,250.8
20.02.2020,250.15
19.02.2020,249.7
18.02.2020,249.2
17.02.2020,251.36
14.02.2020,251.75
13.02.2020,253.89
12.02.2020,254.5
11.02.2020,254.5
10.02.2020,252.26
07.02.2020,254.3
06.02.2020,252.11
05.02.2020,255.2
04.02.2020,255.4
03.02.2020,253.99
31.01.2020,252.2
30.01.2020,257.31
29.01.2020,259.94
28.01.2020,257.7
27.01.2020,255.32
24.01.2020,265.49
23.01.2020,263.73
22.01.2020,266.54
21.01.2020,268.06
20.01.2020,266.28
17.01.2020,262.5
16.01.2020,257.51
15.01.2020,256.31
14.01.2020,259.05
13.01.2020,262.4
10.01.2020,258.19
09.01.2020,257.99
08.01.2020,259.15
06.01.2020,253.9
03.01.2020,255
30.12.2019,254.75
27.12.2019,252.06
26.12.2019,248.24
25.12.2019,248.04
24.12.2019,248.67
23.12.2019,248.8
20.12.2019,244.71
19.12.2019,244
18.12.2019,246.2
17.12.2019,241.6
16.12.2019,241.45
13.12.2019,241.21
12.12.2019,241.05
11.12.2019,240.32
10.12.2019,237.91
09.12.2019,237.04
06.12.2019,235.14
05.12.2019,231.71
04.12.2019,231.59
03.12.2019,230.66
02.12.2019,233.77
29.11.2019,233.98
28.11.2019,235.2
27.11.2019,234.22
26.11.2019,235
25.11.2019,237.98
22.11.2019,238.13
21.11.2019,237.15
20.11.2019,237.78
19.11.2019,239.25
18.11.2019,237.45
15.11.2019,240
14.11.2019,237.5
13.11.2019,237.21
12.11.2019,239.87
11.11.2019,241.5
08.11.2019,240.17
07.11.2019,242.5
06.11.2019,239.02
05.11.2019,238.53
01.11.2019,236.4
31.10.2019,234.89
30.10.2019,239.51
29.10.2019,240.11
28.10.2019,237.03
25.10.2019,240
24.10.2019,242.78
23.10.2019,239.57
22.10.2019,239.77
21.10.2019,234.94
18.10.2019,235.55
17.10.2019,233.5
16.10.2019,231
15.10.2019,229.4
14.10.2019,228.4
11.10.2019,230.31
10.10.2019,228.5
09.10.2019,227.7
08.10.2019,226.03
07.10.2019,227.55
04.10.2019,222.76
03.10.2019,224.08
02.10.2019,223.5
01.10.2019,226.49
30.09.2019,227.71
27.09.2019,228.05
26.09.2019,229.09
25.09.2019,228.09
24.09.2019,227.5
23.09.2019,229.7
20.09.2019,232
19.09.2019,234.98
18.09.2019,235.3
17.09.2019,235.89
16.09.2019,235.32
13.09.2019,233
12.09.2019,234.57
11.09.2019,234.72
10.09.2019,233.3
09.09.2019,229
06.09.2019,229.02
05.09.2019,230.79
04.09.2019,227.1
03.09.2019,224
02.09.2019,226.68
30.08.2019,224.2
29.08.2019,221.5
28.08.2019,218.3
27.08.2019,217.89
26.08.2019,218.5
23.08.2019,219.5
22.08.2019,219.5
21.08.2019,218.62
20.08.2019,216
19.08.2019,217.4
16.08.2019,215.05
15.08.2019,214.59
14.08.2019,217.11
13.08.2019,223.18
12.08.2019,222.3
09.08.2019,220.67
08.08.2019,223.93
07.08.2019,222.25
06.08.2019,226.01
05.08.2019,222.24
02.08.2019,220.81
01.08.2019,229.5
31.07.2019,233.49
30.07.2019,236
29.07.2019,232.8
26.07.2019,230.55
25.07.2019,232.9
24.07.2019,230.65
23.07.2019,232.48
22.07.2019,230.35
19.07.2019,232.85
18.07.2019,234.78
17.07.2019,234.63
16.07.2019,234.75
15.07.2019,235.27
12.07.2019,237.02
11.07.2019,241.3
10.07.2019,243.76
09.07.2019,242.74
08.07.2019,243.3
05.07.2019,242.83
04.07.2019,242.82
03.07.2019,241.51
02.07.2019,241.2
01.07.2019,242.98
28.06.2019,238.55
27.06.2019,240.5
26.06.2019,240.59
25.06.2019,236.7
24.06.2019,239.09
21.06.2019,238.02
20.06.2019,244.1
19.06.2019,240.4
18.06.2019,241.8
17.06.2019,237.8
14.06.2019,238.8
13.06.2019,240.49
11.06.2019,235.89
10.06.2019,249
07.06.2019,248.28
06.06.2019,244.89
05.06.2019,239
04.06.2019,236
03.06.2019,239.95
31.05.2019,233.24
30.05.2019,232.75
29.05.2019,233.4
28.05.2019,233.19
27.05.2019,236
24.05.2019,234.45
23.05.2019,229.3
22.05.2019,235.86
21.05.2019,232.71
20.05.2019,226
17.05.2019,226.94
16.05.2019,228.19
15.05.2019,228.69
14.05.2019,227.88
13.05.2019,224.22
10.05.2019,227
08.05.2019,230
07.05.2019,231.49
06.05.2019,232.8
03.05.2019,232.52
02.05.2019,229.1
30.04.2019,225.17
29.04.2019,228.8
26.04.2019,223.18
25.04.2019,227.8
24.04.2019,236
23.04.2019,235.67
22.04.2019,235.41
19.04.2019,232.6
18.04.2019,232.79
17.04.2019,234.3
16.04.2019,233.24
15.04.2019,237.8
12.04.2019,239.5
11.04.2019,238.86
10.04.2019,243.68
09.04.2019,238
08.04.2019,232.3
05.04.2019,227.5
04.04.2019,221.8
03.04.2019,219.05
02.04.2019,218.23
01.04.2019,217.7
29.03.2019,214.42
28.03.2019,215.07
27.03.2019,214.1
26.03.2019,218
25.03.2019,214
22.03.2019,207.7
21.03.2019,210.61
20.03.2019,209.8
19.03.2019,207.7
18.03.2019,205.9
15.03.2019,203.55
14.03.2019,203.66
13.03.2019,206
12.03.2019,205.1
11.03.2019,205.25
07.03.2019,203.95
06.03.2019,205
05.03.2019,202.92
04.03.2019,205.5
01.03.2019,206.54
28.02.2019,207.8
27.02.2019,205.4
26.02.2019,205.8
25.02.2019,205.86
22.02.2019,205.25
21.02.2019,203.41
20.02.2019,206.89
19.02.2019,202.08
18.02.2019,204.19
15.02.2019,208
14.02.2019,204.43
13.02.2019,213.9
12.02.2019,219.1
11.02.2019,214
08.02.2019,210.43
07.02.2019,211.01
06.02.2019,216.59
05.02.2019,217.85
04.02.2019,215.5
01.02.2019,216.29
31.01.2019,217.9
30.01.2019,213.14
29.01.2019,213.61
28.01.2019,209.7
25.01.2019,212
24.01.2019,212.2
23.01.2019,210.4
22.01.2019,207.95
21.01.2019,207.17
18.01.2019,208.44
17.01.2019,203.32
16.01.2019,201.26
15.01.2019,198
14.01.2019,196.8
11.01.2019,196.8
10.01.2019,196.75
09.01.2019,197
08.01.2019,191.24
04.01.2019,190.99
03.01.2019,186.99
29.12.2018,186.3
28.12.2018,186.5
27.12.2018,185
26.12.2018,183.4
25.12.2018,183.3
24.12.2018,184.3
21.12.2018,186.79
20.12.2018,189.3
19.12.2018,188.85
18.12.2018,186.6
17.12.2018,182.3
14.12.2018,184.93
13.12.2018,189.17
12.12.2018,190.45
11.12.2018,192.57
10.12.2018,191.8
07.12.2018,195.01
06.12.2018,192.19
05.12.2018,196
04.12.2018,199
03.12.2018,200.3
30.11.2018,194
29.11.2018,195.76
28.11.2018,190.2
27.11.2018,191.03
26.11.2018,188.5
23.11.2018,197.3
22.11.2018,199.4
21.11.2018,197.5
20.11.2018,194.21
19.11.2018,197.99
16.11.2018,199.26
15.11.2018,200.15
14.11.2018,199.2
13.11.2018,196.56
12.11.2018,196.82
09.11.2018,195.75
08.11.2018,202.89
07.11.2018,201.9
06.11.2018,197.8
02.11.2018,192.6
01.11.2018,188.67
31.10.2018,189.8
30.10.2018,184.78
29.10.2018,185.59
26.10.2018,181
25.10.2018,186.71
24.10.2018,188.01
23.10.2018,181
22.10.2018,180.7
19.10.2018,183.8
18.10.2018,191
17.10.2018,194.05
16.10.2018,196.05
15.10.2018,190.92
12.10.2018,191.85
11.10.2018,185.27
10.10.2018,189.89
09.10.2018,191.25
08.10.2018,191.85
05.10.2018,187.2
04.10.2018,189.35
03.10.2018,198.3
02.10.2018,199.5
01.10.2018,204.2
28.09.2018,203.32
27.09.2018,204.1
26.09.2018,195.79
25.09.2018,195.55
24.09.2018,198.75
21.09.2018,193.44
20.09.2018,191.16
19.09.2018,193.9
18.09.2018,191.65
17.09.2018,188.11
14.09.2018,188.71
13.09.2018,183.5
12.09.2018,173.9
11.09.2018,169.36
10.09.2018,171.21
07.09.2018,174.9
06.09.2018,175
05.09.2018,178.46
04.09.2018,179.5
03.09.2018,181.21
31.08.2018,182
30.08.2018,178
29.08.2018,183.5
28.08.2018,182
27.08.2018,183.27
24.08.2018,180.39
23.08.2018,178.71
22.08.2018,187.8
21.08.2018,191.8
20.08.2018,191.2
17.08.2018,189.55
16.08.2018,191.6
15.08.2018,187.98
14.08.2018,192.76
13.08.2018,190
10.08.2018,186.15
09.08.2018,195.9
08.08.2018,193.2
07.08.2018,201.79
06.08.2018,203.9
03.08.2018,202.21
02.08.2018,206.6
01.08.2018,210.6
31.07.2018,214.86
30.07.2018,211.33
27.07.2018,208.9
26.07.2018,210
25.07.2018,213.7
24.07.2018,215.45
23.07.2018,208.42
20.07.2018,204.34
19.07.2018,207.5
18.07.2018,216.28
17.07.2018,222.5
16.07.2018,227.99
13.07.2018,229.85
12.07.2018,226.6
11.07.2018,227.57
10.07.2018,230.3
09.07.2018,230
06.07.2018,226.71
05.07.2018,224.54
04.07.2018,217.7
03.07.2018,218.45
02.07.2018,221.01
29.06.2018,218
28.06.2018,208.5
27.06.2018,207.95
26.06.2018,199.91
25.06.2018,202.51
22.06.2018,214.43
21.06.2018,210.4
20.06.2018,212.2
19.06.2018,206
18.06.2018,206.3
15.06.2018,209.36
14.06.2018,214
13.06.2018,215
11.06.2018,210.35
09.06.2018,212.6
08.06.2018,210.95
07.06.2018,216.41
06.06.2018,217.9
05.06.2018,215.56
04.06.2018,220
01.06.2018,220
31.05.2018,222.36
30.05.2018,221.01
29.05.2018,219
28.05.2018,220.9
25.05.2018,220
24.05.2018,222.01
23.05.2018,221
22.05.2018,225.6
21.05.2018,226.21
18.05.2018,222.2
17.05.2018,226.05
16.05.2018,229.8
15.05.2018,231.39
14.05.2018,237.8
11.05.2018,235.72
10.05.2018,233.7
08.05.2018,226.7
07.05.2018,229.86
04.05.2018,228.55
03.05.2018,228.03
02.05.2018,229.02
30.04.2018,226.99
28.04.2018,224.8
27.04.2018,223.91
26.04.2018,220.7
25.04.2018,220.45
24.04.2018,223
23.04.2018,223.25
20.04.2018,215.36
19.04.2018,213.45
18.04.2018,215.87
17.04.2018,207.5
16.04.2018,192.06
13.04.2018,204.7
12.04.2018,212.21
11.04.2018,208
10.04.2018,214.8
09.04.2018,213
06.04.2018,256.76
05.04.2018,262
04.04.2018,255.69
03.04.2018,251.6
02.04.2018,249.99
30.03.2018,253.57
29.03.2018,252.9
28.03.2018,251.5
27.03.2018,258
26.03.2018,255
23.03.2018,262
22.03.2018,265.5
21.03.2018,268.88
20.03.2018,257.15
19.03.2018,255
16.03.2018,256.15
15.03.2018,254.51
14.03.2018,262.5
13.03.2018,273.95
12.03.2018,274.3
09.03.2018,274.6
07.03.2018,274
06.03.2018,274.03
05.03.2018,277
02.03.2018,273
01.03.2018,275
28.02.2018,272.4
27.02.2018,278.21
26.02.2018,279.97
22.02.2018,277.49
21.02.2018,279.2
20.02.2018,267.22
19.02.2018,266.85
16.02.2018,266.99
15.02.2018,264.58
14.02.2018,262.03
13.02.2018,258.3
12.02.2018,255.05
09.02.2018,250.11
08.02.2018,253.19
07.02.2018,257.58
06.02.2018,258.94
05.02.2018,255.64
02.02.2018,257.32
01.02.2018,263.2
31.01.2018,264.5
30.01.2018,257.8
29.01.2018,250.48
26.01.2018,247
25.01.2018,250.64
24.01.2018,247.53
23.01.2018,244.4
22.01.2018,243.99
19.01.2018,242.45
18.01.2018,245.5
17.01.2018,239.82
16.01.2018,239.64
15.01.2018,238.85
12.01.2018,237.75
11.01.2018,239
10.01.2018,237.76
09.01.2018,240.4
05.01.2018,238.6
04.01.2018,238.8
03.01.2018,231.9
29.12.2017,225.2
28.12.2017,224.2
27.12.2017,226.98
26.12.2017,223.57
25.12.2017,223.3
22.12.2017,221.44
21.12.2017,223.6
20.12.2017,226
19.12.2017,224.1
18.12.2017,227.4
15.12.2017,226.53
14.12.2017,229.9
13.12.2017,221.8
12.12.2017,227.9
11.12.2017,227.69
08.12.2017,220.89
07.12.2017,219.81
06.12.2017,223.75
05.12.2017,223.91
04.12.2017,224.6
01.12.2017,221.5
30.11.2017,224.35
29.11.2017,228.2
28.11.2017,230
27.11.2017,226.76
24.11.2017,228
23.11.2017,225.56
22.11.2017,230.25
21.11.2017,231
20.11.2017,224.6
17.11.2017,225.65
16.11.2017,227.5
15.11.2017,225.95
14.11.2017,221.4
13.11.2017,216.61
10.11.2017,217.7
09.11.2017,220.05
08.11.2017,209.09
07.11.2017,205.96
03.11.2017,193.8
02.11.2017,193.85
01.11.2017,194.05
31.10.2017,193.8
30.10.2017,195
27.10.2017,196.05
26.10.2017,192.75
25.10.2017,192.04
24.10.2017,192.5
23.10.2017,192.34
20.10.2017,192.97
19.10.2017,192.2
18.10.2017,195.31
17.10.2017,197.2
16.10.2017,197.7
13.10.2017,196.48
12.10.2017,195.51
11.10.2017,195.83
10.10.2017,193.21
09.10.2017,194
06.10.2017,194.16
05.10.2017,193.74
04.10.2017,192.03
03.10.2017,192.5
02.10.2017,193
29.09.2017,192.33
28.09.2017,191.96
27.09.2017,193.7
26.09.2017,192.54
25.09.2017,191.2
22.09.2017,187.55
21.09.2017,187.38
20.09.2017,186.47
19.09.2017,184.85
18.09.2017,188.04
15.09.2017,188.75
14.09.2017,188.64
13.09.2017,189.1
12.09.2017,189.32
11.09.2017,190.5
08.09.2017,185.89
07.09.2017,184
06.09.2017,183.12
05.09.2017,184.14
04.09.2017,184.1
01.09.2017,183.66
31.08.2017,183.51
30.08.2017,183.5
29.08.2017,181.89
28.08.2017,181.85
25.08.2017,180.51
24.08.2017,179.8
23.08.2017,175.3
22.08.2017,171
21.08.2017,169.9
18.08.2017,169.5
17.08.2017,172.72
16.08.2017,173.05
15.08.2017,172.33
14.08.2017,172.51
11.08.2017,172.05
10.08.2017,172.2
09.08.2017,173.4
08.08.2017,175.75
07.08.2017,172.79
04.08.2017,169.73
03.08.2017,170
02.08.2017,169.9
01.08.2017,166.31
31.07.2017,164.53
28.07.2017,165.4
27.07.2017,166
26.07.2017,161.55
25.07.2017,160.22
24.07.2017,161.33
21.07.2017,162.1
20.07.2017,163.93
19.07.2017,164.34
18.07.2017,161.7
17.07.2017,161.98
14.07.2017,161.4
13.07.2017,159.94
12.07.2017,160.85
11.07.2017,156.91
10.07.2017,155
07.07.2017,152.16
06.07.2017,150.35
05.07.2017,148.96
04.07.2017,149.39
03.07.2017,147.5
30.06.2017,145.59
29.06.2017,143.8
28.06.2017,145.5
27.06.2017,147.1
26.06.2017,144.49
23.06.2017,144.1
22.06.2017,144.25
21.06.2017,143.49
20.06.2017,144.9
19.06.2017,145
16.06.2017,141.63
15.06.2017,139
14.06.2017,143
13.06.2017,146
09.06.2017,150.13
08.06.2017,151.93
07.06.2017,152.82
06.06.2017,152.8
05.06.2017,154.7
02.06.2017,157.14
01.06.2017,153
31.05.2017,155.93
30.05.2017,161.64
29.05.2017,163.9
26.05.2017,160.7
25.05.2017,164.05
24.05.2017,165.7
23.05.2017,166.31
22.05.2017,168.03
19.05.2017,168.87
18.05.2017,166.5
17.05.2017,169.24
16.05.2017,170.66
15.05.2017,171.35
12.05.2017,167.7
11.05.2017,169.97
10.05.2017,170.8
05.05.2017,165.8
04.05.2017,165.5
03.05.2017,164.71
02.05.2017,166.64
28.04.2017,165.2
27.04.2017,164.69
26.04.2017,165.05
25.04.2017,162.55
24.04.2017,162.5
21.04.2017,159.59
20.04.2017,158.21
19.04.2017,153.6
18.04.2017,153.4
17.04.2017,153.99
14.04.2017,149.24
13.04.2017,152
12.04.2017,150.28
11.04.2017,156
10.04.2017,155.2
07.04.2017,161.49
06.04.2017,167.49
05.04.2017,168.1
04.04.2017,163.5
03.04.2017,161.8
31.03.2017,159.8
30.03.2017,163.5
29.03.2017,163.22
28.03.2017,163.66
27.03.2017,162.69
24.03.2017,164.52
23.03.2017,164.15
22.03.2017,162.92
21.03.2017,162.98
20.03.2017,163.8
17.03.2017,161.15
16.03.2017,158.35
15.03.2017,156.2
14.03.2017,157.42
13.03.2017,158.92
10.03.2017,157.5
09.03.2017,156.2
07.03.2017,160.98
06.03.2017,162
03.03.2017,164.4
02.03.2017,163.4
01.03.2017,160
28.02.2017,156
27.02.2017,160.95
24.02.2017,165.51
22.02.2017,165.9
21.02.2017,167
20.02.2017,165.44
17.02.2017,165.49
16.02.2017,166.49
15.02.2017,163.5
14.02.2017,162.7
13.02.2017,164.7
10.02.2017,165.5
09.02.2017,168.8
08.02.2017,171.2
07.02.2017,173.47
06.02.2017,172.87
03.02.2017,173.8
02.02.2017,172.83
01.02.2017,173.9
31.01.2017,172.2
30.01.2017,174.6
27.01.2017,178.92
26.01.2017,173.79
25.01.2017,170.26
24.01.2017,170.25
23.01.2017,166.75
20.01.2017,167.49
19.01.2017,166.3
18.01.2017,165.24
17.01.2017,165.98
16.01.2017,164.66
13.01.2017,164.9
12.01.2017,168.27
11.01.2017,169.05
10.01.2017,171.6
09.01.2017,168.35
06.01.2017,170.69
05.01.2017,171.9
04.01.2017,175.95
03.01.2017,180.12
30.12.2016,173.25
29.12.2016,171.3
28.12.2016,170.1
27.12.2016,172.27
26.12.2016,171.97
23.12.2016,171.15
22.12.2016,170
21.12.2016,174.71
20.12.2016,175.9
19.12.2016,174.3
16.12.2016,173.9
15.12.2016,174.92
14.12.2016,173.7
13.12.2016,176.9
12.12.2016,175.4
09.12.2016,169.66
08.12.2016,168.98
07.12.2016,159.95
06.12.2016,159.35
05.12.2016,162.02
02.12.2016,159.4
01.12.2016,158.7
30.11.2016,158.7
29.11.2016,158.07
28.11.2016,159.4
25.11.2016,160.36
24.11.2016,161.15
23.11.2016,155.23
22.11.2016,155
21.11.2016,153
18.11.2016,150.05
17.11.2016,149.75
16.11.2016,149.94
15.11.2016,149.85
14.11.2016,150.4
11.11.2016,151.51
10.11.2016,153.36
09.11.2016,151.04
08.11.2016,146.11
07.11.2016,143.4
03.11.2016,142.75
02.11.2016,142.36
01.11.2016,145.85
31.10.2016,147.4
28.10.2016,149.2
27.10.2016,149.3
26.10.2016,150.67
25.10.2016,151.57
24.10.2016,149.15
21.10.2016,148.42
20.10.2016,148.26
19.10.2016,148.6
18.10.2016,147.74
17.10.2016,146.46
14.10.2016,146.73
13.10.2016,146.09
12.10.2016,149.2
11.10.2016,151.3
10.10.2016,151.27
07.10.2016,148.74
06.10.2016,148.9
05.10.2016,147.95
04.10.2016,148.1
03.10.2016,148.87
30.09.2016,145.34
29.09.2016,148.47
28.09.2016,147.18
27.09.2016,147.53
26.09.2016,149.1
23.09.2016,151.5
22.09.2016,154.18
21.09.2016,150.67
20.09.2016,149.3
19.09.2016,148.66
16.09.2016,147
15.09.2016,149.14
14.09.2016,150.86
13.09.2016,149.8
12.09.2016,151.43
09.09.2016,151.6
08.09.2016,153.45
07.09.2016,154.33
06.09.2016,150.64
05.09.2016,149.5
02.09.2016,146.88
01.09.2016,144.25
31.08.2016,143.5
30.08.2016,143.18
29.08.2016,143.55
26.08.2016,145.25
25.08.2016,142.84
24.08.2016,139.5
23.08.2016,140.35
22.08.2016,137.37
19.08.2016,135.8
18.08.2016,137
17.08.2016,138.44
16.08.2016,138.1
15.08.2016,139.5
12.08.2016,139.45
11.08.2016,139.7
10.08.2016,138.3
09.08.2016,139.2
08.08.2016,139.45
05.08.2016,138.69
04.08.2016,137.14
03.08.2016,135.73
02.08.2016,135.06
01.08.2016,138.52
29.07.2016,139.15
28.07.2016,136.85
27.07.2016,136.9
26.07.2016,135.75
25.07.2016,136
22.07.2016,137.8
21.07.2016,138.5
20.07.2016,138.57
19.07.2016,139.47
18.07.2016,139.93
15.07.2016,138.12
14.07.2016,140
13.07.2016,139.4
12.07.2016,140.4
11.07.2016,137.2
08.07.2016,134.41
07.07.2016,131.8
06.07.2016,129.36
05.07.2016,131.85
04.07.2016,134.6
01.07.2016,133.85
30.06.2016,133
29.06.2016,133.88
28.06.2016,129.57
27.06.2016,126.2
24.06.2016,133.4
23.06.2016,138
22.06.2016,134.81
21.06.2016,133.39
20.06.2016,132.13
17.06.2016,128.7
16.06.2016,127.1
15.06.2016,129.89
14.06.2016,127.08
10.06.2016,133.5
09.06.2016,139.61
08.06.2016,139.39
07.06.2016,139.97
06.06.2016,133.99
03.06.2016,131.59
02.06.2016,132.3
01.06.2016,131.36
31.05.2016,132.56
30.05.2016,134.45
27.05.2016,133.2
26.05.2016,132.16
25.05.2016,127.87
24.05.2016,123.5
23.05.2016,121.51
20.05.2016,121.9
19.05.2016,120.5
18.05.2016,123.12
17.05.2016,122.71
16.05.2016,122.6
13.05.2016,121.07
12.05.2016,121.2
11.05.2016,123.45
10.05.2016,119.55
06.05.2016,120.64
05.05.2016,120.92
04.05.2016,120.96
29.04.2016,123.55
28.04.2016,124.39
27.04.2016,120.8
26.04.2016,119.7
25.04.2016,120.08
22.04.2016,121.25
21.04.2016,119.17
20.04.2016,123.75
19.04.2016,121.5
18.04.2016,118.2
15.04.2016,119.3
14.04.2016,119.3
13.04.2016,119.5
12.04.2016,117.95
11.04.2016,117.35
08.04.2016,112.92
07.04.2016,108.51
06.04.2016,108
05.04.2016,106.87
04.04.2016,108.2
01.04.2016,108.52
31.03.2016,109.9
30.03.2016,109.15
29.03.2016,107.05
28.03.2016,108.12
25.03.2016,109.1
24.03.2016,108.06
23.03.2016,109.1
22.03.2016,111.49
21.03.2016,112.07
18.03.2016,112.4
17.03.2016,109.47
16.03.2016,107
15.03.2016,106.46
14.03.2016,109.26
11.03.2016,109.26
10.03.2016,108.84
09.03.2016,108.15
07.03.2016,109.47
04.03.2016,108.99
03.03.2016,106.99
02.03.2016,106.12
01.03.2016,108.26
29.02.2016,107
26.02.2016,106.24
25.02.2016,104.05
24.02.2016,102.1
22.02.2016,103.2
20.02.2016,102.39
19.02.2016,101.5
18.02.2016,102.7
17.02.2016,99.2
16.02.2016,96.51
15.02.2016,95.25
12.02.2016,94.85
11.02.2016,94.2
10.02.2016,96.35
09.02.2016,93.89
08.02.2016,94.7
05.02.2016,97.2
04.02.2016,97.57
03.02.2016,94.53
02.02.2016,94.4
01.02.2016,96.5
29.01.2016,96.5
28.01.2016,96.69
27.01.2016,95.75
26.01.2016,91.5
25.01.2016,91
22.01.2016,91.5
21.01.2016,86
20.01.2016,83.83
19.01.2016,86.68
18.01.2016,86.15
15.01.2016,87.27
14.01.2016,93.04
13.01.2016,91.5
12.01.2016,91.71
11.01.2016,91.03
06.01.2016,96.85
05.01.2016,98.89
04.01.2016,98.01
30.12.2015,101.26
29.12.2015,101.82
28.12.2015,100.2
25.12.2015,101.34
24.12.2015,101.35
23.12.2015,102.96
22.12.2015,99.8
21.12.2015,98.73
18.12.2015,98.81
17.12.2015,103.75
16.12.2015,102.45
15.12.2015,100
14.12.2015,97.7
11.12.2015,98.15
10.12.2015,100.13
09.12.2015,100.66
08.12.2015,97
07.12.2015,103
04.12.2015,103.05
03.12.2015,104
02.12.2015,102.5
01.12.2015,101.3
30.11.2015,102.9
27.11.2015,104.55
26.11.2015,106.48
25.11.2015,108.51
24.11.2015,105.6
23.11.2015,109.98
20.11.2015,107.3
19.11.2015,104.86
18.11.2015,104
17.11.2015,102.5
16.11.2015,95.8
13.11.2015,93.4
12.11.2015,94.29
11.11.2015,94
10.11.2015,94.35
09.11.2015,92.95
06.11.2015,94.09
05.11.2015,95.5
03.11.2015,95.4
02.11.2015,93.65
30.10.2015,90.53
29.10.2015,88.6
28.10.2015,90.05
27.10.2015,89
26.10.2015,92.3
23.10.2015,90.45
22.10.2015,86.53
21.10.2015,86.95
20.10.2015,88.14
19.10.2015,87.07
16.10.2015,88.52
15.10.2015,87.7
14.10.2015,86.81
13.10.2015,85
12.10.2015,85.45
09.10.2015,85.77
08.10.2015,83.11
07.10.2015,79.65
06.10.2015,77.31
05.10.2015,76.2
02.10.2015,73.8
01.10.2015,74.51
30.09.2015,75.3
29.09.2015,75.5
28.09.2015,74.57
25.09.2015,74.97
24.09.2015,73.33
23.09.2015,73.74
22.09.2015,74.39
21.09.2015,75.94
18.09.2015,75.5
17.09.2015,76.49
16.09.2015,77.71
15.09.2015,74.85
14.09.2015,74.88
11.09.2015,74.1
10.09.2015,74.3
09.09.2015,74.65
08.09.2015,74.9
07.09.2015,73.81
04.09.2015,73.96
03.09.2015,74.15
02.09.2015,72.9
01.09.2015,73.14
31.08.2015,74.5
28.08.2015,74.82
27.08.2015,73.8
26.08.2015,71
25.08.2015,70.79
24.08.2015,68.53
21.08.2015,69.86
20.08.2015,72.05
19.08.2015,71.5
18.08.2015,72.45
17.08.2015,73
14.08.2015,74.43
13.08.2015,73.7
12.08.2015,73.4
11.08.2015,73.2
10.08.2015,75.16
07.08.2015,74.2
06.08.2015,72.25
05.08.2015,73.49
04.08.2015,72.3
03.08.2015,71.1
31.07.2015,72.3
30.07.2015,72.2
29.07.2015,71.2
28.07.2015,69.55
27.07.2015,68.48
24.07.2015,70.45
23.07.2015,72.7
22.07.2015,74.6
21.07.2015,75.55
20.07.2015,74.1
17.07.2015,75.52
16.07.2015,74.21
15.07.2015,74
14.07.2015,73.9
13.07.2015,72.94
10.07.2015,71.06
09.07.2015,69.35
08.07.2015,67.73
07.07.2015,68.77
06.07.2015,68.45
03.07.2015,70.67
02.07.2015,70.54
01.07.2015,71
30.06.2015,72.35
29.06.2015,70.2
26.06.2015,70.6
25.06.2015,71.42
24.06.2015,71.98
23.06.2015,72.01
22.06.2015,72
19.06.2015,71.56
18.06.2015,72.98
17.06.2015,72.81
16.06.2015,73.5
15.06.2015,71.8
11.06.2015,72.55
10.06.2015,71.51
09.06.2015,70.21
08.06.2015,69.17
05.06.2015,70.61
04.06.2015,71.25
03.06.2015,71.72
02.06.2015,73.92
01.06.2015,72.65
29.05.2015,73.5
28.05.2015,73.6
27.05.2015,74.23
26.05.2015,74.67
25.05.2015,74.46
22.05.2015,74.35
21.05.2015,73.25
20.05.2015,71.6
19.05.2015,73.35
18.05.2015,75.36
15.05.2015,75.05
14.05.2015,74.31
13.05.2015,75.24
12.05.2015,75.19
08.05.2015,75.5
07.05.2015,76.5
06.05.2015,79.2
05.05.2015,80.21
30.04.2015,76.9
29.04.2015,75.2
28.04.2015,75.7
27.04.2015,75.2
24.04.2015,75.75
23.04.2015,75.8
22.04.2015,73.9
21.04.2015,75.24
20.04.2015,73.5
17.04.2015,72.5
16.04.2015,76.5
15.04.2015,76.49
14.04.2015,74.05
13.04.2015,74.1
10.04.2015,71.5
09.04.2015,72
08.04.2015,69.4
07.04.2015,69.6
06.04.2015,68.99
03.04.2015,65.5
02.04.2015,65.92
01.04.2015,64.5
31.03.2015,62.88
30.03.2015,63.01
27.03.2015,61
26.03.2015,62.85
25.03.2015,64.8
24.03.2015,65.6
23.03.2015,65
20.03.2015,67
19.03.2015,64.9
18.03.2015,65.26
17.03.2015,64.65
16.03.2015,65.57
13.03.2015,67.87
12.03.2015,70.79
11.03.2015,70.68
10.03.2015,69.8
06.03.2015,73.25
05.03.2015,72.7
04.03.2015,72.31
03.03.2015,75.55
02.03.2015,76.2
27.02.2015,75.91
26.02.2015,75.95
25.02.2015,74.2
24.02.2015,73.7
20.02.2015,74.75
19.02.2015,73.78
18.02.2015,76.4
17.02.2015,72.45
16.02.2015,70
13.02.2015,70.6
12.02.2015,67.21
11.02.2015,65.12
10.02.2015,65
09.02.2015,65.57
06.02.2015,64.31
05.02.2015,62.41
04.02.2015,61.04
03.02.2015,62
02.02.2015,61.4
30.01.2015,61.5
29.01.2015,60.5
28.01.2015,60.63
27.01.2015,61.2
26.01.2015,60.49
23.01.2015,64.45
22.01.2015,64.35
21.01.2015,62.8
20.01.2015,60.8
19.01.2015,61.8
16.01.2015,61.99
15.01.2015,61.8
14.01.2015,60.05
13.01.2015,60.31
12.01.2015,62.9
09.01.2015,63.1
08.01.2015,65.7
06.01.2015,58.28
05.01.2015,56.37
30.12.2014,54.9
29.12.2014,54.51
26.12.2014,57.13
25.12.2014,58.7
24.12.2014,55
23.12.2014,54
22.12.2014,58.6
19.12.2014,61.44
18.12.2014,62.91
17.12.2014,59.9
16.12.2014,53.5
15.12.2014,60.63
12.12.2014,64.2
11.12.2014,65.95
10.12.2014,67.77
09.12.2014,66.26
08.12.2014,65.3
05.12.2014,68.6
04.12.2014,71.04
03.12.2014,72
02.12.2014,71.64
01.12.2014,73.79
28.11.2014,72.25
27.11.2014,73.04
26.11.2014,73.85
25.11.2014,74.11
24.11.2014,74.4
21.11.2014,74.39
20.11.2014,73.63
19.11.2014,73.9
18.11.2014,75.21
17.11.2014,73.97
14.11.2014,74.15
13.11.2014,74.03
12.11.2014,76.32
11.11.2014,77.34
10.11.2014,77.78
07.11.2014,75.69
06.11.2014,75.05
05.11.2014,75.65
03.11.2014,76.29
31.10.2014,76.23
30.10.2014,74.98
29.10.2014,74.05
28.10.2014,73.9
27.10.2014,72.9
24.10.2014,72.49
23.10.2014,71.59
22.10.2014,71.82
21.10.2014,72.5
20.10.2014,72.25
17.10.2014,73.15
16.10.2014,71.12
15.10.2014,73.08
14.10.2014,74.55
13.10.2014,74.26
10.10.2014,73.5
09.10.2014,73.65
08.10.2014,73.8
07.10.2014,75.32
06.10.2014,76.33
03.10.2014,73.77
02.10.2014,73.15
01.10.2014,74.26
30.09.2014,75.52
29.09.2014,76.7
26.09.2014,77.6
25.09.2014,78.01
24.09.2014,79.05
23.09.2014,77.68
22.09.2014,76
19.09.2014,77.4
18.09.2014,77.98
17.09.2014,78.66
16.09.2014,77.6
15.09.2014,75.63
12.09.2014,76.65
11.09.2014,76.3
10.09.2014,78.67
09.09.2014,79.41
08.09.2014,78.69
05.09.2014,80.25
04.09.2014,79.39
03.09.2014,78.5
02.09.2014,73.76
01.09.2014,73.68
29.08.2014,73.21
28.08.2014,74.59
27.08.2014,77.93
26.08.2014,77.44
25.08.2014,78.56
22.08.2014,78.39
21.08.2014,78.4
20.08.2014,76.9
19.08.2014,76
18.08.2014,75.15
15.08.2014,75.05
14.08.2014,74.99
13.08.2014,74.84
12.08.2014,73.35
11.08.2014,74.21
08.08.2014,70.7
07.08.2014,68.5
06.08.2014,69
05.08.2014,71.6
04.08.2014,72.75
01.08.2014,72.37
31.07.2014,73.6
30.07.2014,73.68
29.07.2014,73.2
28.07.2014,72.82
25.07.2014,75.16
24.07.2014,76.87
23.07.2014,77.45
22.07.2014,78.3
21.07.2014,76.56
18.07.2014,80.27
17.07.2014,81.5
16.07.2014,83.78
15.07.2014,83.09
14.07.2014,83.55
11.07.2014,84.55
10.07.2014,84.47
09.07.2014,85.2
08.07.2014,85.11
07.07.2014,85.49
04.07.2014,84
03.07.2014,85.34
02.07.2014,85.79
01.07.2014,84.07
30.06.2014,84.5
27.06.2014,84.33
26.06.2014,84.1
25.06.2014,84.4
24.06.2014,86.5
23.06.2014,83.68
20.06.2014,84.16
19.06.2014,84.8
18.06.2014,83.77
17.06.2014,83.8
16.06.2014,84.85
11.06.2014,89
10.06.2014,88.99
09.06.2014,88.89
06.06.2014,89
05.06.2014,87.43
04.06.2014,87.81
03.06.2014,86.84
02.06.2014,85.91
30.05.2014,84.5
29.05.2014,85.65
28.05.2014,84.95
27.05.2014,84.33
26.05.2014,86.87
23.05.2014,85.83
22.05.2014,83.26
21.05.2014,83.59
20.05.2014,82.31
19.05.2014,81.62
16.05.2014,79.2
15.05.2014,80.04
14.05.2014,81.38
13.05.2014,80.15
12.05.2014,79.08
08.05.2014,78.8
07.05.2014,78.5
06.05.2014,74.1
05.05.2014,71.99
02.05.2014,72.22
30.04.2014,72.5
29.04.2014,72.8
28.04.2014,73.39
25.04.2014,69.91
24.04.2014,73.21
23.04.2014,75.56
22.04.2014,76.3
21.04.2014,77.62
18.04.2014,78.82
17.04.2014,76.89
16.04.2014,76.13
15.04.2014,75.2
14.04.2014,78.35
11.04.2014,79.75
10.04.2014,79.9
09.04.2014,78.85
08.04.2014,79.41
07.04.2014,79.95
04.04.2014,82.98
03.04.2014,81.51
02.04.2014,82.67
01.04.2014,83.88
31.03.2014,83.8
28.03.2014,81.36
27.03.2014,79.9
26.03.2014,82.5
25.03.2014,81.7
24.03.2014,78.4
21.03.2014,78.47
20.03.2014,79.4
19.03.2014,80.64
18.03.2014,82
17.03.2014,76.71
14.03.2014,71.2
13.03.2014,69.8
12.03.2014,72.74
11.03.2014,76.75
07.03.2014,79.99
06.03.2014,80.47
05.03.2014,81.47
04.03.2014,81.52
03.03.2014,77.35
28.02.2014,91.1
27.02.2014,90.05
26.02.2014,92.35
25.02.2014,94.13
24.02.2014,94.67
21.02.2014,94.93
20.02.2014,94.6
19.02.2014,94.8
18.02.2014,96.73
17.02.2014,97.47
14.02.2014,96.7
13.02.2014,95.5
12.02.2014,97
11.02.2014,96.18
10.02.2014,95.49
07.02.2014,96.6
06.02.2014,96.56
05.02.2014,95.51
04.02.2014,93.94
03.02.2014,94.57
31.01.2014,94.8
30.01.2014,95.7
29.01.2014,96.1
28.01.2014,97.4
27.01.2014,97.84
24.01.2014,99.63
23.01.2014,101.56
22.01.2014,102.2
21.01.2014,102.14
20.01.2014,101.96
17.01.2014,101.08
16.01.2014,100.6
15.01.2014,100.69
14.01.2014,99.25
13.01.2014,100.24
10.01.2014,99.41
09.01.2014,97.97
08.01.2014,98.2
06.01.2014,98.63
30.12.2013,101.05
27.12.2013,100.65
26.12.2013,101.91
25.12.2013,101.62
24.12.2013,101.9
23.12.2013,102.22
20.12.2013,102.2
19.12.2013,101.73
18.12.2013,100.1
17.12.2013,100
16.12.2013,99.79
13.12.2013,98.8
12.12.2013,98.9
11.12.2013,100.65
10.12.2013,100.18
09.12.2013,101
06.12.2013,99.81
05.12.2013,98.2
04.12.2013,98.95
03.12.2013,100.13
02.12.2013,102.45
29.11.2013,103.27
28.11.2013,102.66
27.11.2013,102.76
26.11.2013,103.35
25.11.2013,105.22
22.11.2013,105.1
21.11.2013,104.97
20.11.2013,106
19.11.2013,106.22
18.11.2013,105.45
15.11.2013,103.66
14.11.2013,103.65
13.11.2013,101.59
12.11.2013,104.2
11.11.2013,101.77
08.11.2013,101.89
07.11.2013,103.42
06.11.2013,102.53
05.11.2013,102.46
01.11.2013,103.65
31.10.2013,102.8
30.10.2013,103.2
29.10.2013,102.75
28.10.2013,102.87
25.10.2013,102.97
24.10.2013,102.85
23.10.2013,103.25
22.10.2013,105.4
21.10.2013,105.49
18.10.2013,105.35
17.10.2013,103.4
16.10.2013,104.04
15.10.2013,104.7
14.10.2013,103
11.10.2013,102.8
10.10.2013,103.7
09.10.2013,101.55
08.10.2013,101.91
07.10.2013,100.5
04.10.2013,100.25
03.10.2013,98.21
02.10.2013,97.71
01.10.2013,99.15
30.09.2013,97.7
27.09.2013,98.7
26.09.2013,101.6
25.09.2013,101.95
24.09.2013,100.41
23.09.2013,101.4
20.09.2013,102.55
19.09.2013,102.37
18.09.2013,99.62
17.09.2013,99.4
16.09.2013,99
13.09.2013,95.79
12.09.2013,95.55
11.09.2013,95.5
10.09.2013,96.79
09.09.2013,94.9
06.09.2013,92.51
05.09.2013,92.7
04.09.2013,90.5
03.09.2013,90.47
02.09.2013,89.5
30.08.2013,88.16
29.08.2013,89.81
28.08.2013,89.39
27.08.2013,90.05
26.08.2013,91.25
23.08.2013,91.97
22.08.2013,92.05
21.08.2013,90.54
20.08.2013,91.7
19.08.2013,93.64
16.08.2013,93.84
15.08.2013,95.49
14.08.2013,97.98
13.08.2013,97.2
12.08.2013,96.21
09.08.2013,95.66
08.08.2013,94
07.08.2013,94.37
06.08.2013,94.72
05.08.2013,96.32
02.08.2013,96.98
01.08.2013,96.77
31.07.2013,95.22
30.07.2013,94.21
29.07.2013,94.29
26.07.2013,94.86
25.07.2013,95.86
24.07.2013,96.36
23.07.2013,96.85
22.07.2013,97.84
19.07.2013,99.93
18.07.2013,98.42
17.07.2013,101.02
16.07.2013,99.46
15.07.2013,99.72
12.07.2013,98.54
11.07.2013,95.42
10.07.2013,91.11
09.07.2013,92.43
08.07.2013,92.82
05.07.2013,93.27
04.07.2013,94.02
03.07.2013,93.04
02.07.2013,94.61
01.07.2013,95.38
28.06.2013,93.5
27.06.2013,93.36
26.06.2013,92.56
25.06.2013,89.59
24.06.2013,88.75
21.06.2013,91.31
20.06.2013,91.37
19.06.2013,94.57
18.06.2013,96.4
17.06.2013,95.65
14.06.2013,93.58
13.06.2013,91.76
11.06.2013,94.67
10.06.2013,97.83
07.06.2013,99.05
06.06.2013,96.8
05.06.2013,97.56
04.06.2013,98.89
03.06.2013,98.72
31.05.2013,98.73
30.05.2013,99.94
29.05.2013,99.98
28.05.2013,104
27.05.2013,102.86
24.05.2013,103.01
23.05.2013,105.62
22.05.2013,110.8
21.05.2013,108.88
20.05.2013,106.63
17.05.2013,105.1
16.05.2013,102.45
15.05.2013,103.23
14.05.2013,103.88
13.05.2013,103.33
10.05.2013,103.6
08.05.2013,105.81
07.05.2013,105.14
06.05.2013,102.41
03.05.2013,102.91
02.05.2013,100.8
30.04.2013,99.02
29.04.2013,94.71
26.04.2013,95.73
25.04.2013,96.37
24.04.2013,97.92
23.04.2013,96.44
22.04.2013,94.99
19.04.2013,96.35
18.04.2013,95.37
17.04.2013,94.64
16.04.2013,95.88
15.04.2013,95.35
12.04.2013,98.43
11.04.2013,102.43
10.04.2013,103.28
09.04.2013,102.61
08.04.2013,100.35
05.04.2013,99.29
04.04.2013,99.89
03.04.2013,99.48
02.04.2013,98.96
01.04.2013,98.08
29.03.2013,98.83
28.03.2013,98.64
27.03.2013,96.73
26.03.2013,97.13
25.03.2013,98.66
22.03.2013,99.38
21.03.2013,101.69
20.03.2013,102.29
19.03.2013,99.68
18.03.2013,100.41
15.03.2013,104.37
14.03.2013,104.83
13.03.2013,104.48
12.03.2013,106.02
11.03.2013,106.87
07.03.2013,105.26
06.03.2013,105.42
05.03.2013,104.01
04.03.2013,102.71
01.03.2013,103.04
28.02.2013,104.46
27.02.2013,103.4
26.02.2013,104.18
25.02.2013,106.66
22.02.2013,106.18
21.02.2013,106.58
20.02.2013,107.92
19.02.2013,108.48
18.02.2013,106.23
15.02.2013,105.1
14.02.2013,107.79
13.02.2013,108.78
12.02.2013,108.49
11.02.2013,107.04
08.02.2013,107.16
07.02.2013,105.7
06.02.2013,106.89
05.02.2013,107.72
04.02.2013,107.43
01.02.2013,108.47
31.01.2013,109.38
30.01.2013,107.75
29.01.2013,106.55
28.01.2013,106.95
25.01.2013,103.65
24.01.2013,102.52
23.01.2013,103.47
22.01.2013,102.45
21.01.2013,103.68
18.01.2013,103.4
17.01.2013,101.14
16.01.2013,99.94
15.01.2013,99.98
14.01.2013,101
11.01.2013,99.57
10.01.2013,98.39
09.01.2013,98.27
08.01.2013,98.35
28.12.2012,92.92
27.12.2012,92.68
26.12.2012,92.41
25.12.2012,92.43
24.12.2012,92.49
21.12.2012,93.47
20.12.2012,94.51
19.12.2012,94.55
18.12.2012,95.15
17.12.2012,93.53
14.12.2012,93.49
13.12.2012,93.36
12.12.2012,93.71
11.12.2012,93.63
10.12.2012,93.48
07.12.2012,93.18
06.12.2012,93.53
05.12.2012,93.82
04.12.2012,91.82
03.12.2012,92.7
30.11.2012,91.4
29.11.2012,87.88
28.11.2012,87.81
27.11.2012,89.13
26.11.2012,89.18
23.11.2012,89.25
22.11.2012,88.01
21.11.2012,87.86
20.11.2012,86.97
19.11.2012,87.38
16.11.2012,86.05
15.11.2012,86.12
14.11.2012,84.67
13.11.2012,84.43
12.11.2012,86.8
09.11.2012,85.78
08.11.2012,86.28
07.11.2012,89.98
06.11.2012,91.38
02.11.2012,92.02
01.11.2012,91.78
31.10.2012,91.82
30.10.2012,91.18
29.10.2012,91.66
26.10.2012,91.99
25.10.2012,92.9
24.10.2012,93.34
23.10.2012,93.55
22.10.2012,94.07
19.10.2012,93.14
18.10.2012,93.65
17.10.2012,93.16
16.10.2012,92.09
15.10.2012,91.23
12.10.2012,91.47
11.10.2012,92.58
10.10.2012,92.26
09.10.2012,92.62
08.10.2012,92.65
05.10.2012,93.07
04.10.2012,91.44
03.10.2012,92.02
02.10.2012,91.95
01.10.2012,92.25
28.09.2012,91.08
27.09.2012,90.02
26.09.2012,90.79
25.09.2012,93.77
24.09.2012,94.08
21.09.2012,94.2
20.09.2012,93.74
19.09.2012,93.76
18.09.2012,94.81
17.09.2012,95.68
14.09.2012,96.99
13.09.2012,92.73
12.09.2012,93.6
11.09.2012,94.03
10.09.2012,94.39
07.09.2012,93.93
06.09.2012,93.96
05.09.2012,92.98
04.09.2012,93.13
03.09.2012,94.13
31.08.2012,93.24
30.08.2012,93.49
29.08.2012,94.5
28.08.2012,94.52
27.08.2012,92.88
24.08.2012,92.98
23.08.2012,93.09
22.08.2012,92.56
21.08.2012,93.53
20.08.2012,91.55
17.08.2012,92.12
16.08.2012,92.91
15.08.2012,92.92
14.08.2012,93.63
13.08.2012,93.12
10.08.2012,92.83
09.08.2012,93.95
08.08.2012,93.95
07.08.2012,93.96
06.08.2012,93.18
03.08.2012,91.64
02.08.2012,88.78
01.08.2012,89.51
31.07.2012,89.68
30.07.2012,91.28
27.07.2012,90.32
26.07.2012,88.43
25.07.2012,86.64
24.07.2012,84.85
23.07.2012,85.97
20.07.2012,90.17
19.07.2012,92.15
18.07.2012,91.61
17.07.2012,91.12
16.07.2012,90.91
13.07.2012,90.94
12.07.2012,88.9
11.07.2012,90.03
10.07.2012,90.95
09.07.2012,90.1
06.07.2012,89.17
05.07.2012,90.93
04.07.2012,91.15
03.07.2012,90.93
02.07.2012,87.71
29.06.2012,86.39
28.06.2012,82.79
27.06.2012,84.49
26.06.2012,83.69
25.06.2012,82.38
22.06.2012,83.89
21.06.2012,85.38
20.06.2012,85.8
19.06.2012,87.02
18.06.2012,86.14
15.06.2012,84.33
14.06.2012,83.11
13.06.2012,82.95
09.06.2012,81.52
08.06.2012,81.33
07.06.2012,83.39
06.06.2012,80.64
05.06.2012,78.16
04.06.2012,78.15
01.06.2012,78.75
31.05.2012,81.76
30.05.2012,82.46
29.05.2012,84.11
28.05.2012,80.32
25.05.2012,80.11
24.05.2012,81.57
23.05.2012,78.75
22.05.2012,82.82
21.05.2012,81.9
18.05.2012,78.4
17.05.2012,80.63
16.05.2012,86.88
15.05.2012,88.2
14.05.2012,87.6
12.05.2012,90.97
11.05.2012,91
10.05.2012,91.74
08.05.2012,89.3
07.05.2012,88.46
05.05.2012,90.38
04.05.2012,90.75
03.05.2012,92.65
02.05.2012,93.21
28.04.2012,94.03
27.04.2012,93.75
26.04.2012,92.67
25.04.2012,93.72
24.04.2012,92.66
23.04.2012,92.53
20.04.2012,95.15
19.04.2012,94.35
18.04.2012,92.93
17.04.2012,93.18
16.04.2012,92.21
13.04.2012,94.07
12.04.2012,95.64
11.04.2012,96.08
10.04.2012,95.61
09.04.2012,95.86
06.04.2012,95.63
05.04.2012,97.4
04.04.2012,96.18
03.04.2012,97.92
02.04.2012,95.19
30.03.2012,94.64
29.03.2012,93.57
28.03.2012,95.83
27.03.2012,97.84
26.03.2012,99.99
23.03.2012,97.5
22.03.2012,96.01
21.03.2012,98.22
20.03.2012,98.51
19.03.2012,99.7
16.03.2012,100.37
15.03.2012,100.63
14.03.2012,103.26
13.03.2012,100.54
12.03.2012,99.15
11.03.2012,99.67
07.03.2012,97.53
06.03.2012,97.32
05.03.2012,102.27
02.03.2012,101.56
01.03.2012,100.27
29.02.2012,100.11
28.02.2012,98.68
27.02.2012,99.66
24.02.2012,99.09
22.02.2012,96.07
21.02.2012,96.69
20.02.2012,97.51
17.02.2012,96.74
16.02.2012,96.17
15.02.2012,97.06
14.02.2012,96.4
13.02.2012,96.17
10.02.2012,94.01
09.02.2012,95.17
08.02.2012,95.07
07.02.2012,93.48
06.02.2012,93.87
03.02.2012,94.49
02.02.2012,92.64
01.02.2012,92.66
31.01.2012,90.32
30.01.2012,89
27.01.2012,90.82
26.01.2012,90.31
25.01.2012,87.08
24.01.2012,85.02
23.01.2012,85.01
20.01.2012,85.11
19.01.2012,85.66
18.01.2012,84.72
17.01.2012,84.65
16.01.2012,83.9
13.01.2012,83.69
12.01.2012,84.2
11.01.2012,84.89
10.01.2012,86.73
09.01.2012,83.83
06.01.2012,83.23
05.01.2012,82.56
04.01.2012,83.4
03.01.2012,82.35
30.12.2011,79.35
29.12.2011,78.9
28.12.2011,79.27
27.12.2011,79.97
26.12.2011,81.49
23.12.2011,79.86
22.12.2011,80.05
21.12.2011,80.29
20.12.2011,82.59
19.12.2011,81.63
16.12.2011,80.78
15.12.2011,82.29
14.12.2011,81.36
13.12.2011,82.71
12.12.2011,79.93
09.12.2011,82.49
08.12.2011,86.01
07.12.2011,85.08
06.12.2011,86.16
05.12.2011,90
02.12.2011,89.52
01.12.2011,87.71
30.11.2011,87.55
29.11.2011,82.6
28.11.2011,82.98
25.11.2011,78.46
24.11.2011,75.59
23.11.2011,76.71
22.11.2011,76.08
21.11.2011,76
18.11.2011,80.1
17.11.2011,80.4
16.11.2011,79.82
15.11.2011,80.61
14.11.2011,80.35
11.11.2011,80.91
10.11.2011,80.38
09.11.2011,78.93
08.11.2011,84.29
07.11.2011,82.36
03.11.2011,80.92
02.11.2011,78.95
01.11.2011,77.11
31.10.2011,82.03
28.10.2011,85.41
27.10.2011,85.3
26.10.2011,83.62
25.10.2011,82.21
24.10.2011,84.31
21.10.2011,81.85
20.10.2011,80.92
19.10.2011,80.67
18.10.2011,77.84
17.10.2011,79.12
14.10.2011,80.67
13.10.2011,74.98
12.10.2011,74.22
11.10.2011,70.1
10.10.2011,70.3
07.10.2011,68.18
06.10.2011,65.78
05.10.2011,62.72
04.10.2011,62.53
03.10.2011,68.34
30.09.2011,70.54
29.09.2011,74.82
28.09.2011,70.95
27.09.2011,72.56
26.09.2011,69.25
23.09.2011,70.17
22.09.2011,74.03
21.09.2011,81.5
20.09.2011,81.78
19.09.2011,80.21
16.09.2011,81.49
15.09.2011,80.96
14.09.2011,80.12
13.09.2011,80.32
12.09.2011,79.66
09.09.2011,83.09
08.09.2011,85.49
07.09.2011,83.74
06.09.2011,80.49
05.09.2011,80.29
02.09.2011,82.39
01.09.2011,85.15
31.08.2011,84.81
30.08.2011,82.15
29.08.2011,81.61
26.08.2011,77.59
25.08.2011,78.95
24.08.2011,77.97
23.08.2011,77.26
22.08.2011,79.04
19.08.2011,78.83
18.08.2011,81.62
17.08.2011,86.99
16.08.2011,86.45
15.08.2011,88.09
12.08.2011,85.81
11.08.2011,84.34
10.08.2011,85.3
09.08.2011,91.44
08.08.2011,89.84
05.08.2011,96.04
04.08.2011,98.67
03.08.2011,99.42
02.08.2011,102.52
01.08.2011,102.94
29.07.2011,101.66
28.07.2011,102.74
27.07.2011,101.63
26.07.2011,102.29
25.07.2011,102.73
22.07.2011,101.85
21.07.2011,102.97
20.07.2011,101.78
19.07.2011,102.43
18.07.2011,101.19
15.07.2011,105.56
14.07.2011,104.4
13.07.2011,103.94
12.07.2011,102.53
11.07.2011,102.41
08.07.2011,105.2
07.07.2011,107.63
06.07.2011,104.4
05.07.2011,104.23
04.07.2011,104.75
01.07.2011,104.6
30.06.2011,100.06
29.06.2011,99.37
28.06.2011,99.06
27.06.2011,96.5
24.06.2011,97.04
23.06.2011,94.19
22.06.2011,95.69
21.06.2011,96.04
20.06.2011,94.88
17.06.2011,95.51
16.06.2011,96.98
15.06.2011,97.65
14.06.2011,97.66
10.06.2011,97.54
09.06.2011,99.28
08.06.2011,95.97
07.06.2011,96.3
06.06.2011,95.92
03.06.2011,95.19
02.06.2011,96.9
01.06.2011,96.65
31.05.2011,97.61
30.05.2011,97.32
27.05.2011,96.94
26.05.2011,95.64
25.05.2011,95.23
24.05.2011,93.65
23.05.2011,91.63
20.05.2011,94.04
19.05.2011,96.59
18.05.2011,97.15
17.05.2011,96.38
16.05.2011,98.06
13.05.2011,97.88
12.05.2011,96.61
11.05.2011,96.64
10.05.2011,97.38
06.05.2011,98.15
05.05.2011,95.57
04.05.2011,96.34
03.05.2011,97.92
29.04.2011,99.95
28.04.2011,101.01
27.04.2011,100.24
26.04.2011,101.41
25.04.2011,101.81
22.04.2011,103.97
21.04.2011,102.57
20.04.2011,102.79
19.04.2011,101.47
18.04.2011,100.07
15.04.2011,106.04
14.04.2011,106.43
13.04.2011,106.16
12.04.2011,104.84
11.04.2011,108.43
08.04.2011,109.06
07.04.2011,106.65
06.04.2011,107.89
05.04.2011,106.92
04.04.2011,108.58
01.04.2011,108.71
31.03.2011,106.79
30.03.2011,106.92
29.03.2011,106.23
28.03.2011,106.47
25.03.2011,106.99
24.03.2011,105.07
23.03.2011,101.11
22.03.2011,100.41
21.03.2011,100.42
18.03.2011,99.99
17.03.2011,98.03
16.03.2011,94.53
15.03.2011,95
14.03.2011,97.11
11.03.2011,98.74
10.03.2011,99.67
09.03.2011,102.76
05.03.2011,101.49
04.03.2011,100.53
03.03.2011,101.91
02.03.2011,99.45
01.03.2011,99.9
28.02.2011,102.09
25.02.2011,100.23
24.02.2011,97.13
22.02.2011,98.55
21.02.2011,100.49
18.02.2011,100.7
17.02.2011,100.83
16.02.2011,100.83
15.02.2011,99.62
14.02.2011,101.28
11.02.2011,101.04
10.02.2011,96.45
09.02.2011,99.83
08.02.2011,101.57
07.02.2011,103.27
04.02.2011,102.75
03.02.2011,103.85
02.02.2011,104.35
01.02.2011,106.34
31.01.2011,105.83
28.01.2011,106.36
27.01.2011,107.52
26.01.2011,108.52
25.01.2011,105.99
24.01.2011,103.95
21.01.2011,105.74
20.01.2011,105.33
19.01.2011,107.86
18.01.2011,108.16
17.01.2011,109.53
14.01.2011,107.17
13.01.2011,107.44
12.01.2011,107.08
11.01.2011,103.83
30.12.2010,104.36
29.12.2010,104.26
28.12.2010,104.53
27.12.2010,105.15
24.12.2010,106.19
23.12.2010,106.99
22.12.2010,106.85
21.12.2010,106.76
20.12.2010,105.45
17.12.2010,105.65
16.12.2010,106.24
15.12.2010,107.67
14.12.2010,107.3
13.12.2010,107.42
10.12.2010,104.87
09.12.2010,104.62
08.12.2010,104.78
07.12.2010,107.32
06.12.2010,105.71
03.12.2010,102.99
02.12.2010,103.68
01.12.2010,103.43
30.11.2010,101.75
29.11.2010,100.76
26.11.2010,101.43
25.11.2010,102.64
24.11.2010,101.2
23.11.2010,98.4
22.11.2010,99.17
19.11.2010,98.65
18.11.2010,99.52
17.11.2010,97.27
16.11.2010,95.2
15.11.2010,99.22
13.11.2010,97.83
12.11.2010,97.48
11.11.2010,98.35
10.11.2010,100.56
09.11.2010,103.73
08.11.2010,103.94
03.11.2010,103.3
02.11.2010,102.47
01.11.2010,101.87
29.10.2010,101.34
28.10.2010,99.39
27.10.2010,99.82
26.10.2010,101.57
25.10.2010,102.36
22.10.2010,101.91
21.10.2010,103.29
20.10.2010,97.54
19.10.2010,95.43
18.10.2010,94.99
15.10.2010,92.36
14.10.2010,91.47
13.10.2010,91.33
12.10.2010,90.97
11.10.2010,91.58
08.10.2010,90.44
07.10.2010,90.47
06.10.2010,91.17
05.10.2010,91.98
04.10.2010,89.93
01.10.2010,88.99
30.09.2010,86.02
29.09.2010,83.91
28.09.2010,83.09
27.09.2010,83.55
24.09.2010,84.79
23.09.2010,84.24
22.09.2010,82.77
21.09.2010,83.78
20.09.2010,83.39
17.09.2010,82.12
16.09.2010,82.93
15.09.2010,84.4
14.09.2010,84.47
13.09.2010,84.62
10.09.2010,83.27
09.09.2010,83.65
08.09.2010,82.19
07.09.2010,80.01
06.09.2010,81.8
03.09.2010,81.68
02.09.2010,80.55
01.09.2010,80.46
31.08.2010,78.3
30.08.2010,77.28
27.08.2010,77.12
26.08.2010,76.54
25.08.2010,73.94
24.08.2010,75.36
23.08.2010,78.05
20.08.2010,78.35
19.08.2010,79.43
18.08.2010,80.71
17.08.2010,81.32
16.08.2010,80.03
13.08.2010,80.82
12.08.2010,81.02
11.08.2010,80.85
10.08.2010,82.66
09.08.2010,83.55
06.08.2010,82.86
05.08.2010,84.35
04.08.2010,85.76
03.08.2010,85.77
02.08.2010,86.65
30.07.2010,84.45
29.07.2010,86.46
28.07.2010,84.17
27.07.2010,84.73
26.07.2010,84.15
23.07.2010,83.12
22.07.2010,83.89
21.07.2010,81.8
20.07.2010,79.85
19.07.2010,80.24
16.07.2010,79.05
15.07.2010,80.75
14.07.2010,82.15
13.07.2010,82.36
12.07.2010,79.78
09.07.2010,77.51
08.07.2010,77.49
07.07.2010,77.46
06.07.2010,76.67
05.07.2010,73.34
02.07.2010,73
01.07.2010,72
30.06.2010,76.68
29.06.2010,77.55
28.06.2010,80.13
25.06.2010,77.98
24.06.2010,80.32
23.06.2010,80.91
22.06.2010,82.45
21.06.2010,83.99
18.06.2010,80.1
17.06.2010,78.4
16.06.2010,76.77
15.06.2010,75.92
11.06.2010,72.22
10.06.2010,73.26
09.06.2010,71.75
08.06.2010,70.92
07.06.2010,71.02
04.06.2010,70.2
03.06.2010,72.19
02.06.2010,70.96
01.06.2010,70.89
31.05.2010,71.05
28.05.2010,70.46
27.05.2010,70.65
26.05.2010,68.71
25.05.2010,64.41
24.05.2010,70.14
21.05.2010,69.17
20.05.2010,70.01
19.05.2010,73.82
18.05.2010,77.05
17.05.2010,76.71
14.05.2010,77.24
13.05.2010,80.75
12.05.2010,81.98
11.05.2010,74.72
07.05.2010,70.41
06.05.2010,74
05.05.2010,75.07
04.05.2010,75.58
30.04.2010,78.67
29.04.2010,80.88
28.04.2010,79.47
27.04.2010,82.94
26.04.2010,84.69
23.04.2010,84.42
22.04.2010,84.31
21.04.2010,85.54
20.04.2010,86.63
19.04.2010,85.23
16.04.2010,87.06
15.04.2010,89.3
14.04.2010,89.18
13.04.2010,87.24
12.04.2010,86.46
09.04.2010,86.85
08.04.2010,84.9
07.04.2010,86.48
06.04.2010,88.59
05.04.2010,88.57
02.04.2010,88.17
01.04.2010,87.72
31.03.2010,85.83
30.03.2010,85.1
29.03.2010,85.42
26.03.2010,84.63
25.03.2010,85.99
24.03.2010,86.92
23.03.2010,85.9
22.03.2010,86.43
19.03.2010,88.1
18.03.2010,89.72
17.03.2010,89.43
16.03.2010,88.95
15.03.2010,87.96
12.03.2010,89.14
11.03.2010,87.36
10.03.2010,87.21
09.03.2010,89.4
05.03.2010,87.09
04.03.2010,82.95
03.03.2010,83.23
02.03.2010,82.51
01.03.2010,80.25
27.02.2010,76.29
26.02.2010,75.09
25.02.2010,74.96
24.02.2010,76.1
19.02.2010,79.31
18.02.2010,79.86
17.02.2010,82.59
16.02.2010,83.14
15.02.2010,80.24
12.02.2010,79.97
11.02.2010,82.63
10.02.2010,81.28
09.02.2010,80.31
08.02.2010,79.28
05.02.2010,83.06
04.02.2010,84.71
03.02.2010,88.16
02.02.2010,88.07
01.02.2010,87.82
29.01.2010,88.45
28.01.2010,87.25
27.01.2010,86.44
26.01.2010,85.95
25.01.2010,87.85
22.01.2010,86.54
21.01.2010,89.17
20.01.2010,90.61
19.01.2010,92.04
18.01.2010,90.43
15.01.2010,88.13
14.01.2010,87.49
13.01.2010,86.63
12.01.2010,85.09
11.01.2010,86.72
31.12.2009,83.14
30.12.2009,81.87
29.12.2009,81.13
28.12.2009,80.3
25.12.2009,80.89
24.12.2009,81
23.12.2009,80.82
22.12.2009,81.38
21.12.2009,81.25
18.12.2009,81.42
17.12.2009,81.14
16.12.2009,82.06
15.12.2009,77.19
14.12.2009,76.13
11.12.2009,74.96
10.12.2009,74.35
09.12.2009,73.15
08.12.2009,72.49
07.12.2009,73.65
04.12.2009,74.57
03.12.2009,72.51
02.12.2009,71.42
01.12.2009,71.16
30.11.2009,69.17
27.11.2009,67.38
26.11.2009,67.04
25.11.2009,70.01
24.11.2009,71.01
23.11.2009,71.62
20.11.2009,71.46
19.11.2009,71.2
18.11.2009,73.34
17.11.2009,73.17
16.11.2009,73.76
13.11.2009,69.72
12.11.2009,69.5
11.11.2009,69.63
10.11.2009,69.91
09.11.2009,68.98
06.11.2009,64.83
05.11.2009,64.84
03.11.2009,63.26
02.11.2009,66.45
30.10.2009,64.76
29.10.2009,67.68
28.10.2009,65.18
27.10.2009,68.72
26.10.2009,69.26
23.10.2009,69.76
22.10.2009,69.83
21.10.2009,70.38
20.10.2009,68.99
19.10.2009,69.08
16.10.2009,64.94
15.10.2009,67.61
14.10.2009,70.42
13.10.2009,68.46
12.10.2009,70.8
09.10.2009,68.52
08.10.2009,66.2
07.10.2009,62.26
06.10.2009,61
05.10.2009,58.49
02.10.2009,58.5
01.10.2009,60
30.09.2009,59.88
29.09.2009,60.68
28.09.2009,60.26
25.09.2009,59.47
24.09.2009,58.22
23.09.2009,59.94
22.09.2009,58.67
21.09.2009,55.47
18.09.2009,57.71
17.09.2009,58.85
16.09.2009,61.7
15.09.2009,61.21
14.09.2009,58.95
11.09.2009,59.16
10.09.2009,56.52
09.09.2009,57.4
08.09.2009,58.45
07.09.2009,55.32
04.09.2009,53.62
03.09.2009,53
02.09.2009,48.97
01.09.2009,49.28
31.08.2009,47.43
28.08.2009,48.28
27.08.2009,47.59
26.08.2009,48.43
25.08.2009,48.82
24.08.2009,49.21
21.08.2009,48.78
20.08.2009,46.85
19.08.2009,46.21
18.08.2009,45.49
17.08.2009,45.12
14.08.2009,46.65
13.08.2009,48.09
12.08.2009,47.53
11.08.2009,46.63
10.08.2009,47.73
07.08.2009,47.78
06.08.2009,46.23
05.08.2009,45.45
04.08.2009,46.42
03.08.2009,46.17
31.07.2009,42.46
30.07.2009,42.54
29.07.2009,39.49
28.07.2009,40.42
27.07.2009,41.82
24.07.2009,40.81
23.07.2009,41.19
22.07.2009,38.88
21.07.2009,40.36
20.07.2009,39.23
17.07.2009,37.95
16.07.2009,37.39
15.07.2009,37.66
14.07.2009,35.9
13.07.2009,35.81
10.07.2009,34.42
09.07.2009,36.17
08.07.2009,36.26
07.07.2009,37.13
06.07.2009,37.05
03.07.2009,38.51
02.07.2009,37.81
01.07.2009,39.34
30.06.2009,38.08
29.06.2009,39.76
26.06.2009,39.68
25.06.2009,41.39
24.06.2009,42.47
23.06.2009,37.03
22.06.2009,35.77
19.06.2009,41.16
18.06.2009,42.67
17.06.2009,43.2
16.06.2009,46.05
15.06.2009,44.06
11.06.2009,47.97
10.06.2009,49.47
09.06.2009,49.22
08.06.2009,48.39
05.06.2009,50.78
04.06.2009,49.03
03.06.2009,47.1
02.06.2009,53.36
01.06.2009,51.75
29.05.2009,44.21
28.05.2009,41.47
27.05.2009,40.94
26.05.2009,39.5
25.05.2009,39.39
22.05.2009,39.01
21.05.2009,37.63
20.05.2009,40.03
19.05.2009,36.05
18.05.2009,34.05
15.05.2009,32.99
14.05.2009,31.69
13.05.2009,32.26
12.05.2009,33.66
08.05.2009,32.28
07.05.2009,31.26
06.05.2009,29.44
05.05.2009,28.85
04.05.2009,29.28
30.04.2009,27.84
29.04.2009,27.03
28.04.2009,26.07
27.04.2009,27.01
24.04.2009,27.76
23.04.2009,28.22
22.04.2009,27.3
21.04.2009,25.96
20.04.2009,26.21
17.04.2009,28.86
16.04.2009,29.14
15.04.2009,28.02
14.04.2009,29.1
13.04.2009,26.7
10.04.2009,26.87
09.04.2009,26.83
08.04.2009,24.53
07.04.2009,23.55
06.04.2009,23.27
03.04.2009,22.93
02.04.2009,23.26
01.04.2009,21.02
31.03.2009,20.82
30.03.2009,20.07
27.03.2009,22.68
26.03.2009,24.95
25.03.2009,25.38
24.03.2009,23.34
23.03.2009,25.39
20.03.2009,22.98
19.03.2009,24.09
18.03.2009,20.52
17.03.2009,20.28
16.03.2009,18.2
13.03.2009,16.91
12.03.2009,16.67
11.03.2009,17.18
10.03.2009,17.08
06.03.2009,15.82
05.03.2009,15.69
04.03.2009,16.36
03.03.2009,15.01
02.03.2009,14.33
27.02.2009,14.29
26.02.2009,14.64
25.02.2009,14.23
24.02.2009,14.15
20.02.2009,14.36
19.02.2009,15.23
18.02.2009,14.48
17.02.2009,15.29
16.02.2009,17.76
13.02.2009,18.95
12.02.2009,18.6
11.02.2009,18.53
10.02.2009,17.92
09.02.2009,16.73
06.02.2009,15.53
05.02.2009,14.87
04.02.2009,15.29
03.02.2009,15.18
02.02.2009,15.78
30.01.2009,16.42
29.01.2009,16.45
28.01.2009,17.01
27.01.2009,16.35
26.01.2009,17.05
23.01.2009,15.23
22.01.2009,15.91
21.01.2009,17.47
20.01.2009,17.1
19.01.2009,18.35
16.01.2009,19.96
15.01.2009,20.19
14.01.2009,20.8
13.01.2009,22.21
12.01.2009,22.81
11.01.2009,23
31.12.2008,22.79
30.12.2008,22.53
29.12.2008,21.99
26.12.2008,22.23
25.12.2008,22.88
24.12.2008,23.23
23.12.2008,23.5
22.12.2008,22.78
19.12.2008,22.12
18.12.2008,21.49
17.12.2008,22.32
16.12.2008,22.8
15.12.2008,22.53
12.12.2008,22.09
11.12.2008,22.04
10.12.2008,21.11
09.12.2008,21.02
08.12.2008,21.49
05.12.2008,20.47
04.12.2008,20.42
03.12.2008,20.99
02.12.2008,21.91
01.12.2008,22.05
28.11.2008,23.25
27.11.2008,24.58
26.11.2008,24.12
25.11.2008,25.29
24.11.2008,25.58
21.11.2008,22.93
20.11.2008,23.94
19.11.2008,24.48
18.11.2008,25.08
17.11.2008,23.41
14.11.2008,25.43
13.11.2008,25.04
12.11.2008,27
11.11.2008,27
10.11.2008,30.82
07.11.2008,28.48
06.11.2008,26.54
05.11.2008,29.17
01.11.2008,28.39
31.10.2008,28.14
30.10.2008,28.69
29.10.2008,22.07
28.10.2008,17.98
27.10.2008,17.7
24.10.2008,17.7
23.10.2008,23.05
22.10.2008,25.71
21.10.2008,26.66
20.10.2008,26.58
17.10.2008,26.3
16.10.2008,26.95
15.10.2008,29.17
14.10.2008,33.95
13.10.2008,28.76
10.10.2008,32.46
09.10.2008,32.46
08.10.2008,30.27
07.10.2008,35.96
06.10.2008,35.22
03.10.2008,42.22
02.10.2008,41.51
01.10.2008,41.88
30.09.2008,43.69
29.09.2008,40.33
26.09.2008,43.85
25.09.2008,46.03
24.09.2008,45.77
23.09.2008,42.79
22.09.2008,43.87
19.09.2008,45.14
18.09.2008,28.84
17.09.2008,28.84
16.09.2008,34.65
15.09.2008,44.82
12.09.2008,47.8
11.09.2008,45.34
10.09.2008,47.45
09.09.2008,51.8
08.09.2008,57.39
05.09.2008,54.34
04.09.2008,55.79
03.09.2008,59.22
02.09.2008,61.06
01.09.2008,58.16
29.08.2008,57.3
28.08.2008,59.28
27.08.2008,55.5
26.08.2008,56.01
25.08.2008,59.86
22.08.2008,62.91
21.08.2008,62.41
20.08.2008,62.41
19.08.2008,62.21
18.08.2008,65.68
15.08.2008,65.6
14.08.2008,64.17
13.08.2008,64.88
12.08.2008,67.68
11.08.2008,64.23
08.08.2008,60.14
07.08.2008,64.1
06.08.2008,63.39
05.08.2008,62.28
04.08.2008,64.45
01.08.2008,68.01
31.07.2008,69.21
30.07.2008,69.85
29.07.2008,66.49
28.07.2008,69.94
25.07.2008,70.23
24.07.2008,75.72
23.07.2008,76.06
22.07.2008,74.37
21.07.2008,77.03
18.07.2008,75.7
17.07.2008,77.23
16.07.2008,72.74
15.07.2008,72.34
14.07.2008,74.77
11.07.2008,72.73
10.07.2008,74.78
09.07.2008,75.52
08.07.2008,73.86
07.07.2008,73.4
04.07.2008,72.34
03.07.2008,73.01
02.07.2008,72.92
01.07.2008,71.54
30.06.2008,74.33
27.06.2008,76.3
26.06.2008,77.14
25.06.2008,77.92
24.06.2008,76.58
23.06.2008,78.05
20.06.2008,78.93
19.06.2008,80.21
18.06.2008,80.61
17.06.2008,81.12
16.06.2008,78.9
11.06.2008,78.63
10.06.2008,78.52
09.06.2008,79.37
07.06.2008,78.55
06.06.2008,80.73
05.06.2008,82.1
04.06.2008,82.22
03.06.2008,83.55
02.06.2008,84.5
30.05.2008,85.24
29.05.2008,84.55
28.05.2008,84.77
27.05.2008,83.1
26.05.2008,84.76
23.05.2008,86.32
22.05.2008,85.54
21.05.2008,87.33
20.05.2008,87.31
19.05.2008,88.59
16.05.2008,85.8
15.05.2008,83.96
14.05.2008,84.02
13.05.2008,83.15
12.05.2008,82.69
08.05.2008,81.63
07.05.2008,82.18
06.05.2008,80.22
05.05.2008,81.03
04.05.2008,80.07
30.04.2008,77.11
29.04.2008,76.95
28.04.2008,75.68
25.04.2008,75.02
24.04.2008,74.28
23.04.2008,74.29
22.04.2008,74.91
21.04.2008,75.13
18.04.2008,76.62
17.04.2008,73.51
16.04.2008,75.35
15.04.2008,73.63
14.04.2008,74.08
11.04.2008,74.49
10.04.2008,77.32
09.04.2008,78.78
08.04.2008,77.59
07.04.2008,79.28
04.04.2008,77.25
03.04.2008,76.83
02.04.2008,78.86
01.04.2008,75.03
31.03.2008,73.29
28.03.2008,73.34
27.03.2008,73.16
26.03.2008,73.05
25.03.2008,74.8
24.03.2008,76.96
21.03.2008,74.48
20.03.2008,73.56
19.03.2008,74.79
18.03.2008,74.59
17.03.2008,72.52
14.03.2008,77
13.03.2008,75.88
12.03.2008,78.47
11.03.2008,78.37
07.03.2008,74.75
06.03.2008,77.11
05.03.2008,78.32
04.03.2008,76.51
03.03.2008,78.62
29.02.2008,80.3
28.02.2008,82.91
27.02.2008,83.72
26.02.2008,84.71
25.02.2008,82.92
22.02.2008,82.92
21.02.2008,84.19
20.02.2008,82.66
19.02.2008,84.53
18.02.2008,84.83
15.02.2008,83.3
14.02.2008,86.45
13.02.2008,85.36
12.02.2008,85.67
11.02.2008,83.59
08.02.2008,83.44
07.02.2008,84.51
06.02.2008,87.87
05.02.2008,87.14
04.02.2008,90.85
01.02.2008,89.39
31.01.2008,87.98
30.01.2008,91.57
29.01.2008,93.41
28.01.2008,90.32
25.01.2008,95.1
24.01.2008,95.45
23.01.2008,89.91
22.01.2008,92.81
21.01.2008,91.57
18.01.2008,99.23
17.01.2008,101.34
16.01.2008,101.48
15.01.2008,105.69
14.01.2008,104.92
11.01.2008,104.82
10.01.2008,103.48
09.01.2008,101.25
28.12.2007,102.3
27.12.2007,103.58
26.12.2007,103.8
25.12.2007,104.04
24.12.2007,105.44
21.12.2007,105.76
20.12.2007,105.75
19.12.2007,105.4
18.12.2007,105.18
17.12.2007,103.83
14.12.2007,104.34
13.12.2007,105.87
12.12.2007,108.12
11.12.2007,108.3
10.12.2007,107.22
07.12.2007,104.89
06.12.2007,103.91
05.12.2007,103.97
04.12.2007,102.97
03.12.2007,103.98
30.11.2007,103.89
29.11.2007,102.46
28.11.2007,101.19
27.11.2007,99.79
26.11.2007,101.04
23.11.2007,98.49
22.11.2007,97.33
21.11.2007,99.38
20.11.2007,101.63
19.11.2007,102.56
16.11.2007,103.68
15.11.2007,105.15
14.11.2007,105.42
13.11.2007,105.09
12.11.2007,105.73
09.11.2007,105.25
08.11.2007,106.94
07.11.2007,107.04
06.11.2007,106.75
02.11.2007,105.87
01.11.2007,105.92
31.10.2007,106.27
30.10.2007,104.56
29.10.2007,106.7
26.10.2007,107.93
25.10.2007,106.93
24.10.2007,105.77
23.10.2007,106.71
22.10.2007,105.46
19.10.2007,107.61
18.10.2007,106.76
17.10.2007,108.38
16.10.2007,109.13
15.10.2007,110.05
12.10.2007,108.69
11.10.2007,107.55
10.10.2007,105.62
09.10.2007,105.73
08.10.2007,103.97
05.10.2007,102.19
04.10.2007,100.77
03.10.2007,103.15
02.10.2007,104.9
01.10.2007,100.87
28.09.2007,103.48
27.09.2007,102.07
26.09.2007,100.68
25.09.2007,98.72
24.09.2007,101.96
21.09.2007,101.86
20.09.2007,102.6
19.09.2007,103.39
18.09.2007,97.65
17.09.2007,94.87
14.09.2007,96.02
13.09.2007,96.28
12.09.2007,94.02
11.09.2007,94.81
10.09.2007,94.41
07.09.2007,93.8
06.09.2007,96.73
05.09.2007,95.25
04.09.2007,97.18
03.09.2007,98.24
31.08.2007,97.43
30.08.2007,94.43
29.08.2007,93.76
28.08.2007,94.49
27.08.2007,95.2
24.08.2007,93.6
23.08.2007,94.15
22.08.2007,93.54
21.08.2007,90.91
20.08.2007,93.84
17.08.2007,94.81
16.08.2007,90.56
15.08.2007,94.45
14.08.2007,96.87
13.08.2007,97.44
10.08.2007,95.55
09.08.2007,99.08
08.08.2007,102.58
07.08.2007,100.65
06.08.2007,100.57
03.08.2007,102.4
02.08.2007,102.38
01.08.2007,101.92
31.07.2007,105.11
30.07.2007,102.7
27.07.2007,103.16
26.07.2007,104.15
25.07.2007,109.16
24.07.2007,109.58
23.07.2007,112.17
20.07.2007,109.77
17.07.2007,107
16.07.2007,106.8
13.07.2007,106.6
12.07.2007,106.7
11.07.2007,104.15
10.07.2007,103.199
09.07.2007,103
06.07.2007,101.399
05.07.2007,101.25
04.07.2007,100.401
03.07.2007,100.398
02.07.2007,100.4
29.06.2007,100.02
28.06.2007,100.099
27.06.2007,98.968
26.06.2007,100
25.06.2007,99.78
22.06.2007,99.5
21.06.2007,99.3
20.06.2007,100.85
19.06.2007,98.669
18.06.2007,99.15
15.06.2007,98.8
14.06.2007,99.2
13.06.2007,95.662
09.06.2007,94.635
08.06.2007,94
07.06.2007,95.992
06.06.2007,96.401
05.06.2007,97.402
04.06.2007,96.4
01.06.2007,95.1
31.05.2007,91.8
30.05.2007,87.9
29.05.2007,89.39
28.05.2007,92.3
25.05.2007,93.36
24.05.2007,91.49
23.05.2007,93.4
22.05.2007,96.85
21.05.2007,98.17
18.05.2007,98.499
17.05.2007,97.5
16.05.2007,98.145
15.05.2007,97.65
14.05.2007,99.555
11.05.2007,99.89
10.05.2007,103.001
08.05.2007,103.079
07.05.2007,102.93
04.05.2007,102.85
03.05.2007,102.4
02.05.2007,102.8
28.04.2007,101.8
27.04.2007,99.79
26.04.2007,102.3
25.04.2007,102.627
24.04.2007,101.6
23.04.2007,102.28
20.04.2007,102.252
19.04.2007,100
18.04.2007,100.5
17.04.2007,102.702
16.04.2007,102.899
13.04.2007,102.6
12.04.2007,98.99
11.04.2007,100.36
10.04.2007,99.95
09.04.2007,99.998
06.04.2007,97.05
05.04.2007,94.874
04.04.2007,93.2
03.04.2007,92.55
02.04.2007,92.316
30.03.2007,92.5
29.03.2007,93.3
28.03.2007,92.599
27.03.2007,92.95
26.03.2007,94.18
23.03.2007,94.51
22.03.2007,93.949
21.03.2007,90.28
20.03.2007,90.2
19.03.2007,91.11
16.03.2007,89.978
15.03.2007,90.1
14.03.2007,90
13.03.2007,92
12.03.2007,91.725
09.03.2007,92.5
07.03.2007,91.3
06.03.2007,92.3
05.03.2007,91.505
02.03.2007,91.25
01.03.2007,91.36
28.02.2007,96.705
27.02.2007,95
26.02.2007,99.05
22.02.2007,97.002
21.02.2007,92.8
20.02.2007,92.401
19.02.2007,92.25
16.02.2007,92.255
15.02.2007,93.75
14.02.2007,91.91
13.02.2007,90.8
12.02.2007,88.644
09.02.2007,89.5
08.02.2007,89.55
07.02.2007,90.9
06.02.2007,91.3
05.02.2007,90.796
02.02.2007,91.76
01.02.2007,92.62
31.01.2007,87.38
30.01.2007,85.7
29.01.2007,88
26.01.2007,92.54
25.01.2007,93.853
24.01.2007,91.35
23.01.2007,91.821
22.01.2007,92.717
19.01.2007,90.4
18.01.2007,90.26
17.01.2007,92.4
16.01.2007,94.75
15.01.2007,89.6
12.01.2007,86.651
11.01.2007,86.85
10.01.2007,82.6
09.01.2007,83.53
29.12.2006,92.2
28.12.2006,89.67
27.12.2006,84.781
26.12.2006,81.056
25.12.2006,81.151
22.12.2006,81.768
21.12.2006,82.611
20.12.2006,82.3
19.12.2006,80.1
18.12.2006,81.2
15.12.2006,78.25
14.12.2006,78.75
13.12.2006,77.64
12.12.2006,76.2
11.12.2006,75.13
08.12.2006,73.85
07.12.2006,71.6
06.12.2006,69.2
05.12.2006,65.702
04.12.2006,65.474
01.12.2006,65.369
30.11.2006,65.43
29.11.2006,65.85
28.11.2006,65.2
27.11.2006,65.45
24.11.2006,65.76
23.11.2006,65.81
22.11.2006,65.6
21.11.2006,65.205
20.11.2006,64.75
17.11.2006,66
16.11.2006,65.628
15.11.2006,64.001
14.11.2006,63.294
13.11.2006,64.03
10.11.2006,63.849
09.11.2006,63.851
08.11.2006,62.5
07.11.2006,62.35
03.11.2006,61
02.11.2006,60.629
01.11.2006,61.121
31.10.2006,60.155
30.10.2006,59
27.10.2006,60.6
26.10.2006,61.199
25.10.2006,60.97
24.10.2006,60.002
23.10.2006,62
20.10.2006,61.2
19.10.2006,61
18.10.2006,60.29
17.10.2006,59.3
16.10.2006,60.9
13.10.2006,61.94
12.10.2006,61.75
11.10.2006,61.595
10.10.2006,61.743
09.10.2006,60.635
06.10.2006,59.22
05.10.2006,59.81
04.10.2006,57.51
03.10.2006,56.5
02.10.2006,58.289
29.09.2006,58
28.09.2006,58.399
27.09.2006,56.8
26.09.2006,55.35
25.09.2006,53.41
22.09.2006,54.4
21.09.2006,55.7
20.09.2006,55.25
19.09.2006,55.851
18.09.2006,55
15.09.2006,54.49
14.09.2006,54.95
13.09.2006,54.45
12.09.2006,54.698
11.09.2006,53.9
08.09.2006,56.501
07.09.2006,57.605
06.09.2006,59.354
05.09.2006,59.91
04.09.2006,58.4
01.09.2006,56.3
31.08.2006,57.194
30.08.2006,58.17
29.08.2006,57.713
28.08.2006,54.89
25.08.2006,55.331
24.08.2006,54.39
23.08.2006,54.85
22.08.2006,55.1
21.08.2006,53.782
18.08.2006,52.701
17.08.2006,55.37
16.08.2006,55.004
15.08.2006,53.7
14.08.2006,53.6
11.08.2006,52.95
10.08.2006,52.028
09.08.2006,51.8
08.08.2006,50.805
07.08.2006,51.001
04.08.2006,51.45
20.07.2006,46.4
19.07.2006,46.55
18.07.2006,45.09
17.07.2006,45.249
14.07.2006,46.8
13.07.2006,47.2
12.07.2006,49.85
11.07.2006,50.8
10.07.2006,52.1
07.07.2006,50.849
06.07.2006,48.008
05.07.2006,46.598
04.07.2006,48.95
03.07.2006,46
30.06.2006,45.95
29.06.2006,44.9
28.06.2006,45.5
27.06.2006,44.595
26.06.2006,43.303
23.06.2006,43.68
22.06.2006,42.7
21.06.2006,43.82
20.06.2006,44.4
19.06.2006,42.199
16.06.2006,41.002
15.06.2006,42.396
14.06.2006,40.77
13.06.2006,39.78
09.06.2006,42.98
08.06.2006,41.65
07.06.2006,45.18
06.06.2006,44.51
05.06.2006,47.45
02.06.2006,47.65
01.06.2006,45.285
31.05.2006,43.15
30.05.2006,42.89
29.05.2006,42.83
26.05.2006,44.55
25.05.2006,43.326
24.05.2006,40.36
23.05.2006,41.8
22.05.2006,36.84
19.05.2006,41.51
18.05.2006,42.09
17.05.2006,41.999
16.05.2006,44.1
15.05.2006,43.85
12.05.2006,46.315
11.05.2006,46.897
10.05.2006,48.52
06.05.2006,50.5
05.05.2006,49.901
04.05.2006,49.8
03.05.2006,49.65
02.05.2006,51.594
28.04.2006,48.945
27.04.2006,46.3
26.04.2006,47.507
25.04.2006,42.93
24.04.2006,42.6
21.04.2006,42.79
20.04.2006,42.501
19.04.2006,43.65
18.04.2006,43.55
17.04.2006,43.43
14.04.2006,43.367
13.04.2006,42.95
12.04.2006,43.59
11.04.2006,42.805
10.04.2006,43.199
07.04.2006,41.9
06.04.2006,41.648
05.04.2006,41.899
04.04.2006,40.85
03.04.2006,41.35
31.03.2006,41.169
30.03.2006,41.15
29.03.2006,39.75
28.03.2006,40.25
27.03.2006,41.29
24.03.2006,41.039
23.03.2006,41.44
22.03.2006,40.27
21.03.2006,40.09
20.03.2006,40.117
17.03.2006,39.8
16.03.2006,39.099
15.03.2006,39.275
14.03.2006,39.281
13.03.2006,40.75
10.03.2006,39.5
09.03.2006,39.295
07.03.2006,40.502
06.03.2006,42.4
03.03.2006,42.75
02.03.2006,42.93
01.03.2006,42.8
28.02.2006,42.902
27.02.2006,44.852
26.02.2006,45.85
22.02.2006,44.72
21.02.2006,44.5
20.02.2006,45.79
17.02.2006,45.3
16.02.2006,44.25
15.02.2006,43.91
14.02.2006,44.4
13.02.2006,43.711
10.02.2006,44.101
09.02.2006,45
08.02.2006,42.9
07.02.2006,41.756
06.02.2006,42
03.02.2006,40.501
02.02.2006,42.5
01.02.2006,42.47
31.01.2006,41.709
30.01.2006,42.23
27.01.2006,43.5
26.01.2006,42.61
25.01.2006,43.306
24.01.2006,42.797
23.01.2006,41.8
20.01.2006,44.1
19.01.2006,43.18
18.01.2006,40.51
17.01.2006,43.1
16.01.2006,45.83
13.01.2006,45.51
12.01.2006,47.503
11.01.2006,42.1
10.01.2006,40.08
30.12.2005,37.65
29.12.2005,37.88
28.12.2005,37.261
27.12.2005,37.715
26.12.2005,37.925
23.12.2005,37.4
22.12.2005,36.97
21.12.2005,34.83
20.12.2005,34.65
19.12.2005,34.844
16.12.2005,34.69
15.12.2005,34.722
14.12.2005,34.607
13.12.2005,34.87
12.12.2005,35.038
09.12.2005,34.685
08.12.2005,34.5
07.12.2005,34.73
06.12.2005,33.831
05.12.2005,34.225
02.12.2005,34.099
01.12.2005,33
30.11.2005,31.856
29.11.2005,31.65
28.11.2005,31.98
25.11.2005,31.494
24.11.2005,31.28
23.11.2005,31.2
22.11.2005,31.189
21.11.2005,31.323
18.11.2005,31.101
17.11.2005,31.3
16.11.2005,30.53
15.11.2005,31.37
14.11.2005,29.823
11.11.2005,28.349
10.11.2005,27.85
09.11.2005,27.285
08.11.2005,27.095
07.11.2005,27.11
03.11.2005,26.77
02.11.2005,26.35
01.11.2005,25.375
31.10.2005,25.379
28.10.2005,24.525
27.10.2005,23.85
26.10.2005,24.5
25.10.2005,23.905
24.10.2005,24.289
21.10.2005,23.865
20.10.2005,24.09
19.10.2005,23.825
18.10.2005,24.889
17.10.2005,24.701
14.10.2005,24.432
13.10.2005,25.29
12.10.2005,26.2
11.10.2005,26.961
10.10.2005,26.75
07.10.2005,25.551
06.10.2005,25.998
05.10.2005,26.857
04.10.2005,27.45
03.10.2005,27.57
30.09.2005,27.39
29.09.2005,27.05
28.09.2005,27.501
27.09.2005,26.998
26.09.2005,26.7
23.09.2005,26.927
22.09.2005,26.628
21.09.2005,27
20.09.2005,26.851
19.09.2005,26.079
16.09.2005,25.777
15.09.2005,25.589
14.09.2005,25.545
13.09.2005,25.899
12.09.2005,25.41
09.09.2005,25.65
08.09.2005,25.5
07.09.2005,24.26
06.09.2005,24.4
05.09.2005,25.31
02.09.2005,25.625
01.09.2005,25.5
31.08.2005,25.51
30.08.2005,25.385
29.08.2005,25.3
26.08.2005,25.101
25.08.2005,25.31
24.08.2005,25.55
23.08.2005,25.6
22.08.2005,25.17
19.08.2005,24.22
18.08.2005,23.83
17.08.2005,23.7
16.08.2005,22.928
15.08.2005,22.4
12.08.2005,21.937
11.08.2005,22.099
10.08.2005,22.397
09.08.2005,22.37
08.08.2005,22.57
05.08.2005,22.64
04.08.2005,22.6
03.08.2005,21.73
02.08.2005,22.25
01.08.2005,22.09
29.07.2005,21.861
28.07.2005,22.15
27.07.2005,22.2
26.07.2005,22.171
25.07.2005,23.195
22.07.2005,22.09
21.07.2005,21.315
20.07.2005,21.189
19.07.2005,21.245
18.07.2005,20.721
15.07.2005,20.92
14.07.2005,21
13.07.2005,21.148
12.07.2005,20.81
11.07.2005,20.991
08.07.2005,20.885
07.07.2005,20.347
06.07.2005,20.152
05.07.2005,19.295
04.07.2005,19.191
01.07.2005,19.23
30.06.2005,19.18
29.06.2005,18.92
28.06.2005,18.84
27.06.2005,18.87
24.06.2005,19
23.06.2005,18.92
22.06.2005,18.416
21.06.2005,18.412
20.06.2005,18.5
17.06.2005,18.576
16.06.2005,18.56
15.06.2005,18.42
14.06.2005,18.498
10.06.2005,18.425
09.06.2005,18.375
08.06.2005,18.435
07.06.2005,18.381
06.06.2005,18.5
03.06.2005,18.564
02.06.2005,18.411
01.06.2005,18.46
31.05.2005,18.499
30.05.2005,17.985
27.05.2005,17.845
26.05.2005,17.83
25.05.2005,18
24.05.2005,18.24
23.05.2005,17.875
20.05.2005,17.86
19.05.2005,18.04
18.05.2005,18.01
17.05.2005,17.98
16.05.2005,17.52
14.05.2005,17.82
13.05.2005,17.874
12.05.2005,17.723
11.05.2005,17.7
06.05.2005,18.065
05.05.2005,18.126
04.05.2005,18.349
03.05.2005,18.27
29.04.2005,17.961
28.04.2005,17.93
27.04.2005,17.89
26.04.2005,18.102
25.04.2005,18.18
22.04.2005,18.206
21.04.2005,18.065
20.04.2005,17.97
19.04.2005,17.988
18.04.2005,17.799
15.04.2005,18.17
14.04.2005,18
13.04.2005,18.02
12.04.2005,17.611
11.04.2005,17.5
08.04.2005,17.63
07.04.2005,17.583
06.04.2005,17.493
05.04.2005,17.389
04.04.2005,17.25
01.04.2005,17.049
31.03.2005,16.495
30.03.2005,16.1
29.03.2005,16.271
28.03.2005,16.499
25.03.2005,16.41
24.03.2005,16.25
23.03.2005,15.907
22.03.2005,16.05
21.03.2005,15.8
18.03.2005,15.872
17.03.2005,15.63
16.03.2005,15.2
15.03.2005,15.872
14.03.2005,16
11.03.2005,15.9
10.03.2005,15.9
09.03.2005,16.335
05.03.2005,16.56
04.03.2005,16.6
03.03.2005,15.899
02.03.2005,15.8
01.03.2005,16.22
28.02.2005,16.296
25.02.2005,16.3
24.02.2005,15.876
22.02.2005,15.66
21.02.2005,15.506
18.02.2005,15.55
17.02.2005,15.465
16.02.2005,15.43
15.02.2005,15.659
14.02.2005,15.507
11.02.2005,15.237
10.02.2005,15.079
09.02.2005,15.07
08.02.2005,15.035
07.02.2005,14.95
04.02.2005,14.79
03.02.2005,14.73
02.02.2005,14.56
01.02.2005,14.555
31.01.2005,14.299
28.01.2005,14.3
27.01.2005,14.028
26.01.2005,14.01
25.01.2005,13.974
24.01.2005,13.75
21.01.2005,13.5
20.01.2005,13.415
19.01.2005,13.57
18.01.2005,13.545
17.01.2005,13.605
14.01.2005,13.846
13.01.2005,13.96
12.01.2005,13.999
11.01.2005,14.155
30.12.2004,13.91
29.12.2004,13.435
28.12.2004,13.625
27.12.2004,13.77
24.12.2004,13.69
23.12.2004,13.343
22.12.2004,13.197
21.12.2004,13.44
20.12.2004,12.6
17.12.2004,12.339
16.12.2004,12.649
15.12.2004,12.75
14.12.2004,12.75
10.12.2004,12.1
09.12.2004,12.42
08.12.2004,13
07.12.2004,13.85
06.12.2004,13.226
03.12.2004,13.27
02.12.2004,13.441
01.12.2004,13.445
30.11.2004,13.759
29.11.2004,13.545
26.11.2004,13.59
25.11.2004,13.539
24.11.2004,13.671
23.11.2004,13.86
22.11.2004,14.205
19.11.2004,14.2
18.11.2004,14.6
17.11.2004,14.165
16.11.2004,14.025
15.11.2004,14.17
12.11.2004,14.189
11.11.2004,14.194
10.11.2004,14.095
09.11.2004,14.198
05.11.2004,14.072
04.11.2004,13.4
03.11.2004,13.279
02.11.2004,13.493
01.11.2004,13.423
29.10.2004,13.58
28.10.2004,13.128
27.10.2004,13.2
26.10.2004,12.911
25.10.2004,12.7
22.10.2004,12.765
21.10.2004,12.57
20.10.2004,12.49
19.10.2004,12.97
18.10.2004,12.772
15.10.2004,12.55
14.10.2004,12.649
13.10.2004,12.58
12.10.2004,12.379
11.10.2004,13.01
08.10.2004,12.73
07.10.2004,12.7
06.10.2004,12.685
05.10.2004,12.56
04.10.2004,12.462
01.10.2004,12.45
30.09.2004,12.14
29.09.2004,12.11
28.09.2004,12.13
27.09.2004,12.22
24.09.2004,12.245
23.09.2004,12.29
22.09.2004,12.418
21.09.2004,12.592
20.09.2004,12.524
17.09.2004,12.495
16.09.2004,12.469
15.09.2004,12.385
14.09.2004,12.4
13.09.2004,12.08
10.09.2004,12.111
09.09.2004,12.016
08.09.2004,11.899
07.09.2004,11.92
06.09.2004,11.87
03.09.2004,11.785
02.09.2004,11.552
01.09.2004,11.481
31.08.2004,11.472
30.08.2004,11.38
27.08.2004,11.4
26.08.2004,11.329
25.08.2004,11.15
24.08.2004,11.07
23.08.2004,11.04
20.08.2004,11.037
19.08.2004,11.045
18.08.2004,11.042
17.08.2004,11.05
16.08.2004,11.136
13.08.2004,11.195
12.08.2004,11.005
11.08.2004,10.75
10.08.2004,10.805
09.08.2004,10.86
06.08.2004,10.81
05.08.2004,10.86
04.08.2004,10.99
03.08.2004,10.815
02.08.2004,10.785
30.07.2004,11.1
29.07.2004,11.15
28.07.2004,11.06
27.07.2004,11.827
26.07.2004,12.085
23.07.2004,12.1
22.07.2004,12.05
21.07.2004,12.2
20.07.2004,12.3
19.07.2004,12.766
16.07.2004,12.62
15.07.2004,12.76
14.07.2004,12.08
13.07.2004,11.935
12.07.2004,11.737
09.07.2004,11.605
08.07.2004,11.641
07.07.2004,11.656
06.07.2004,11.72
05.07.2004,11.615
02.07.2004,11.6
01.07.2004,11.505
30.06.2004,11.729
29.06.2004,11.73
28.06.2004,11.565
25.06.2004,11.941
24.06.2004,11.8
23.06.2004,11.75
22.06.2004,11.66
21.06.2004,11.793
18.06.2004,11.77
17.06.2004,11.901
16.06.2004,11.07
15.06.2004,11.039
11.06.2004,11.4
10.06.2004,11.547
09.06.2004,11.77
08.06.2004,11.81
07.06.2004,11.92
04.06.2004,11.61
03.06.2004,11.735
02.06.2004,11.69
01.06.2004,11.2
31.05.2004,11.345
28.05.2004,11.557
27.05.2004,11.798
26.05.2004,11.93
25.05.2004,11.802
24.05.2004,12.273
21.05.2004,12.3
20.05.2004,12.381
19.05.2004,11.9
18.05.2004,11.91
17.05.2004,11.39
14.05.2004,11.023
13.05.2004,11.2
12.05.2004,10.99
11.05.2004,10.1
07.05.2004,10.565
06.05.2004,11.242
05.05.2004,11.333
30.04.2004,11.126
29.04.2004,11.215
28.04.2004,11.79
27.04.2004,12.04
26.04.2004,11.67
23.04.2004,11.7
22.04.2004,11.654
21.04.2004,11.595
20.04.2004,11.899
19.04.2004,11.715
16.04.2004,11.86
15.04.2004,12.21
14.04.2004,12.005
13.04.2004,12.01
12.04.2004,12.4
09.04.2004,12.467
08.04.2004,12.488
07.04.2004,12.34
06.04.2004,12.301
05.04.2004,12.888
02.04.2004,12.75
01.04.2004,12.673
31.03.2004,12.625
30.03.2004,12.668
29.03.2004,12.68
26.03.2004,11.9
25.03.2004,11.762
24.03.2004,11.575
23.03.2004,11.599
22.03.2004,11.403
19.03.2004,11.64
18.03.2004,11.025
17.03.2004,10.298
16.03.2004,10.18
15.03.2004,10.09
12.03.2004,9.96
11.03.2004,9.987
10.03.2004,10.13
09.03.2004,10.249
05.03.2004,10.06
04.03.2004,9.901
03.03.2004,9.83
02.03.2004,10.03
01.03.2004,10.11
27.02.2004,9.84
26.02.2004,9.8
25.02.2004,9.89
24.02.2004,9.604
20.02.2004,9.4
19.02.2004,9.215
18.02.2004,9.1
17.02.2004,9.065
16.02.2004,8.998
13.02.2004,8.965
12.02.2004,8.969
11.02.2004,8.868
10.02.2004,8.705
09.02.2004,8.745
06.02.2004,8.56
05.02.2004,8.554
04.02.2004,8.592
03.02.2004,8.446
02.02.2004,8.36
30.01.2004,8.37
29.01.2004,8.511
28.01.2004,8.56
27.01.2004,8.63
26.01.2004,8.67
23.01.2004,8.58
22.01.2004,8.567
21.01.2004,8.55
20.01.2004,8.532
19.01.2004,8.52
16.01.2004,8.52
15.01.2004,8.335
14.01.2004,8.615
13.01.2004,8.555
12.01.2004,8.593
09.01.2004,8.651
08.01.2004,8.335
06.01.2004,8.25
05.01.2004,7.96
30.12.2003,7.575
29.12.2003,7.67
26.12.2003,7.619
25.12.2003,7.589
24.12.2003,7.625
23.12.2003,7.71
22.12.2003,7.72
19.12.2003,7.7
18.12.2003,7.53
17.12.2003,7.589
16.12.2003,7.525
15.12.2003,7.688
11.12.2003,7.74
10.12.2003,7.769
09.12.2003,7.81
08.12.2003,7.804
05.12.2003,7.751
04.12.2003,7.725
03.12.2003,7.83
02.12.2003,7.83
01.12.2003,7.837
28.11.2003,7.545
27.11.2003,7.72
26.11.2003,7.397
25.11.2003,7.343
24.11.2003,7.279
21.11.2003,7.255
20.11.2003,7.255
19.11.2003,7.116
18.11.2003,7.214
17.11.2003,7.32
14.11.2003,7.5
13.11.2003,7.42
12.11.2003,7.479
11.11.2003,7.705
10.11.2003,7.929
06.11.2003,7.86
05.11.2003,7.91
04.11.2003,8.08
03.11.2003,8.07
31.10.2003,7.707
30.10.2003,7.21
29.10.2003,7.91
28.10.2003,8.079
27.10.2003,7.909
24.10.2003,8.329
23.10.2003,8.21
22.10.2003,8.355
21.10.2003,8.645
20.10.2003,8.951
17.10.2003,9.029
16.10.2003,9.1
15.10.2003,9.074
14.10.2003,9
13.10.2003,8.931
10.10.2003,8.855
09.10.2003,8.87
08.10.2003,8.95
07.10.2003,8.19
06.10.2003,8.208
03.10.2003,8.299
02.10.2003,8.245
01.10.2003,8.129
30.09.2003,8.02
29.09.2003,7.883
26.09.2003,7.766
25.09.2003,7.77
24.09.2003,7.918
23.09.2003,8.033
22.09.2003,7.94
19.09.2003,7.9
18.09.2003,8.012
17.09.2003,8.19
16.09.2003,8.345
15.09.2003,8.335
12.09.2003,8.25
11.09.2003,8.31
10.09.2003,8.264
09.09.2003,8.235
08.09.2003,8.162
05.09.2003,8.255
04.09.2003,8.35
03.09.2003,8.27
02.09.2003,8.199
01.09.2003,7.89
29.08.2003,7.765
28.08.2003,7.65
27.08.2003,7.518
26.08.2003,7.5
25.08.2003,7.518
22.08.2003,7.53
21.08.2003,7.63
20.08.2003,7.668
19.08.2003,7.699
18.08.2003,7.697
15.08.2003,7.651
14.08.2003,7.625
13.08.2003,7.874
12.08.2003,7.5
11.08.2003,7.585
08.08.2003,7.425
07.08.2003,7.33
06.08.2003,7.398
05.08.2003,7.285
04.08.2003,7.265
01.08.2003,7.355
31.07.2003,7.688
30.07.2003,7.66
29.07.2003,7.481
28.07.2003,7.637
25.07.2003,7.721
24.07.2003,7.695
23.07.2003,7.53
22.07.2003,7.669
21.07.2003,7.64
18.07.2003,7.501
17.07.2003,7.3
16.07.2003,7.6
15.07.2003,8.103
14.07.2003,8.1
11.07.2003,7.97
10.07.2003,8.276
09.07.2003,8.458
08.07.2003,8.62
07.07.2003,8.65
04.07.2003,8.599
03.07.2003,8.555
02.07.2003,8.58
01.07.2003,8.387
30.06.2003,8.414
27.06.2003,8.568
26.06.2003,8.619
25.06.2003,8.51
24.06.2003,8.44
23.06.2003,8.325
21.06.2003,8.356
20.06.2003,8.353
19.06.2003,8.34
18.06.2003,8.515
17.06.2003,8.52
16.06.2003,8.604
11.06.2003,8.29
10.06.2003,8
09.06.2003,8.2
06.06.2003,8.172
05.06.2003,8.1
04.06.2003,8.211
03.06.2003,8.039
02.06.2003,7.963
30.05.2003,8.07
29.05.2003,8.26
28.05.2003,8.45
27.05.2003,8.382
26.05.2003,8.405
23.05.2003,8.295
22.05.2003,8.049
21.05.2003,8.002
20.05.2003,8.001
19.05.2003,8
16.05.2003,8.06
15.05.2003,8
14.05.2003,7.892
13.05.2003,7.92
12.05.2003,7.995
08.05.2003,7.332
07.05.2003,7.3
06.05.2003,7.199
05.05.2003,7.18
30.04.2003,7.052
29.04.2003,7.154
28.04.2003,7.16
25.04.2003,7.13
24.04.2003,7.085
23.04.2003,7.195
22.04.2003,7.13
21.04.2003,7.12
18.04.2003,7
17.04.2003,6.925
16.04.2003,6.95
15.04.2003,6.878
14.04.2003,6.78
11.04.2003,6.726
10.04.2003,6.698
09.04.2003,6.77
08.04.2003,6.77
07.04.2003,6.83
04.04.2003,6.643
03.04.2003,6.55
02.04.2003,6.469
01.04.2003,6.425
31.03.2003,6.42
28.03.2003,6.535
27.03.2003,6.545
26.03.2003,6.544
25.03.2003,6.47
24.03.2003,6.465
21.03.2003,6.647
20.03.2003,6.57
19.03.2003,6.555
18.03.2003,6.479
17.03.2003,6.577
14.03.2003,6.781
13.03.2003,6.8
12.03.2003,6.72
11.03.2003,6.769
07.03.2003,6.826
06.03.2003,7
05.03.2003,7.005
04.03.2003,6.828
03.03.2003,6.896
28.02.2003,6.668
27.02.2003,6.671
26.02.2003,6.68
25.02.2003,6.721
21.02.2003,6.66
20.02.2003,6.575
19.02.2003,6.473
18.02.2003,6.489
17.02.2003,6.38
14.02.2003,6.33
13.02.2003,6.215
12.02.2003,6.21
11.02.2003,6.243
10.02.2003,6.091
07.02.2003,6.105
06.02.2003,6.072
05.02.2003,6.13
04.02.2003,6.145
03.02.2003,6.11
31.01.2003,6.04
30.01.2003,6.115
29.01.2003,5.98
28.01.2003,5.99
27.01.2003,6.015
24.01.2003,6.03
23.01.2003,6.1
22.01.2003,6.135
21.01.2003,6.112
20.01.2003,6.24
17.01.2003,6.122
16.01.2003,6.23
15.01.2003,6.299
14.01.2003,6.19
13.01.2003,6.27
10.01.2003,6.261
09.01.2003,6.225
08.01.2003,6.135
05.01.2003,6.145
04.01.2003,6.13
31.12.2002,6.11
30.12.2002,6.06
27.12.2002,6.038
26.12.2002,5.92
25.12.2002,5.887
24.12.2002,5.955
23.12.2002,6.002
20.12.2002,6.08
19.12.2002,6.13
18.12.2002,5.981
17.12.2002,6.075
16.12.2002,5.984
15.12.2002,6.197
11.12.2002,6.12
10.12.2002,6.18
09.12.2002,6.309
06.12.2002,6.39
05.12.2002,6.387
04.12.2002,6.397
03.12.2002,6.349
02.12.2002,6.345
29.11.2002,6.46
28.11.2002,6.254
27.11.2002,6.24
26.11.2002,6.188
25.11.2002,6.326
22.11.2002,6.24
21.11.2002,6.17
20.11.2002,6.155
19.11.2002,6.052
18.11.2002,6.04
15.11.2002,6
14.11.2002,5.862
13.11.2002,5.94
12.11.2002,6.09
11.11.2002,6.018
10.11.2002,5.94
06.11.2002,6.04
05.11.2002,6.04
04.11.2002,6.265
01.11.2002,6.088
31.10.2002,5.915
30.10.2002,5.76
29.10.2002,5.585
28.10.2002,5.726
25.10.2002,5.672
24.10.2002,5.612
23.10.2002,5.716
22.10.2002,5.685
21.10.2002,5.765
18.10.2002,5.655
17.10.2002,5.669
16.10.2002,5.6
15.10.2002,5.59
14.10.2002,5.44
11.10.2002,5.48
10.10.2002,5.433
09.10.2002,5.51
08.10.2002,5.61
07.10.2002,5.616
04.10.2002,5.69
03.10.2002,5.5
02.10.2002,5.25
01.10.2002,5.14
30.09.2002,4.968
27.09.2002,5.078
26.09.2002,5.059
25.09.2002,4.877
24.09.2002,4.859
23.09.2002,4.8
20.09.2002,4.85
19.09.2002,4.802
18.09.2002,4.8
17.09.2002,4.888
16.09.2002,4.948
13.09.2002,5.06
12.09.2002,5.103
11.09.2002,4.819
10.09.2002,4.79
09.09.2002,4.7
06.09.2002,4.7
05.09.2002,4.6
04.09.2002,4.66
03.09.2002,4.65
02.09.2002,4.69
30.08.2002,4.758
29.08.2002,4.749
28.08.2002,4.836
27.08.2002,4.88
26.08.2002,4.845
23.08.2002,4.888
22.08.2002,5.01
21.08.2002,4.855
20.08.2002,4.83
19.08.2002,4.76
16.08.2002,4.764
15.08.2002,4.72
14.08.2002,4.57
13.08.2002,4.61
12.08.2002,4.56
09.08.2002,4.533
08.08.2002,4.54
07.08.2002,4.48
06.08.2002,4.42
05.08.2002,4.401
02.08.2002,4.652
01.08.2002,4.709
31.07.2002,4.611
30.07.2002,4.925
29.07.2002,5.01
26.07.2002,4.927
25.07.2002,4.9
24.07.2002,4.83
23.07.2002,5.098
22.07.2002,5.1
19.07.2002,5.225
18.07.2002,5.3
17.07.2002,5.285
16.07.2002,5.2
15.07.2002,5.295
12.07.2002,5.265
11.07.2002,5.252
10.07.2002,5.321
09.07.2002,5.335
08.07.2002,5.348
05.07.2002,5.371
04.07.2002,5.339
03.07.2002,5.33
02.07.2002,5.37
01.07.2002,5.385
28.06.2002,5.299
27.06.2002,5.38
26.06.2002,5.261
25.06.2002,5.377
24.06.2002,5.306
21.06.2002,5.4
20.06.2002,5.4
19.06.2002,5.404
18.06.2002,5.417
17.06.2002,5.632
14.06.2002,5.62
13.06.2002,5.63
11.06.2002,5.699
10.06.2002,5.51
07.06.2002,5.36
06.06.2002,5.377
05.06.2002,5.3
04.06.2002,5.345
03.06.2002,5.42
31.05.2002,5.391
30.05.2002,5.288
29.05.2002,5.36
28.05.2002,5.41
27.05.2002,5.65
24.05.2002,5.64
23.05.2002,5.74
22.05.2002,5.725
21.05.2002,5.74
20.05.2002,5.62
18.05.2002,5.69
17.05.2002,5.577
16.05.2002,5.478
15.05.2002,5.429
14.05.2002,5.43
13.05.2002,5.455
08.05.2002,5.43
07.05.2002,4.972
06.05.2002,5.29
30.04.2002,5.305
29.04.2002,5.38
27.04.2002,5.43
26.04.2002,5.445
25.04.2002,5.475
24.04.2002,5.364
23.04.2002,5.23
22.04.2002,5.269
19.04.2002,5.195
18.04.2002,5.09
17.04.2002,5.045
16.04.2002,4.813
15.04.2002,4.615
12.04.2002,4.69
11.04.2002,5.001
10.04.2002,5.073
09.04.2002,4.86
08.04.2002,4.706
05.04.2002,4.62
04.04.2002,4.459
03.04.2002,4.303
02.04.2002,4.342
01.04.2002,4.311
29.03.2002,4.28
28.03.2002,4.285
27.03.2002,4.108
26.03.2002,3.824
25.03.2002,3.71
22.03.2002,3.812
21.03.2002,3.48
20.03.2002,3.335
19.03.2002,3.352
18.03.2002,3.372
15.03.2002,3.24
14.03.2002,3.049
13.03.2002,3.001
12.03.2002,2.957
11.03.2002,2.99
07.03.2002,2.996
06.03.2002,2.89
05.03.2002,2.933
04.03.2002,2.931
01.03.2002,2.898
28.02.2002,2.75
27.02.2002,2.767
26.02.2002,2.781
22.02.2002,2.76
21.02.2002,2.67
20.02.2002,2.633
19.02.2002,2.672
18.02.2002,2.678
15.02.2002,2.682
14.02.2002,2.716
13.02.2002,2.717
12.02.2002,2.69
11.02.2002,2.685
08.02.2002,2.566
07.02.2002,2.55
06.02.2002,2.516
05.02.2002,2.48
04.02.2002,2.46
01.02.2002,2.555
31.01.2002,2.569
30.01.2002,2.5
29.01.2002,2.672
28.01.2002,2.445
25.01.2002,2.418
24.01.2002,2.56
23.01.2002,2.705
22.01.2002,2.747
21.01.2002,2.734
18.01.2002,2.78
17.01.2002,2.69
16.01.2002,2.518
15.01.2002,2.459
14.01.2002,2.312
11.01.2002,2.332
10.01.2002,2.311
09.01.2002,2.33
08.01.2002,2.36
04.01.2002,2.301
03.01.2002,2.268
29.12.2001,2.219
28.12.2001,2.17
27.12.2001,2.219
26.12.2001,2.237
25.12.2001,2.2
24.12.2001,2.24
21.12.2001,2.127
20.12.2001,2.128
19.12.2001,2.125
18.12.2001,2.019
17.12.2001,1.976
14.12.2001,1.842
13.12.2001,1.817
11.12.2001,1.988
10.12.2001,1.9
07.12.2001,1.89
06.12.2001,1.699
05.12.2001,1.563
04.12.2001,1.526
03.12.2001,1.425
30.11.2001,1.392
29.11.2001,1.322
28.11.2001,1.277
27.11.2001,1.268
26.11.2001,1.228
23.11.2001,1.21
22.11.2001,1.201
21.11.2001,1.108
20.11.2001,1.083
19.11.2001,1.061
16.11.2001,1.06
15.11.2001,1.051
14.11.2001,1.079
13.11.2001,1.11
12.11.2001,1.05
09.11.2001,1.083
08.11.2001,1.079
06.11.2001,1.015
05.11.2001,1.051
02.11.2001,1.021
01.11.2001,1.009
31.10.2001,1.001
30.10.2001,1.01
29.10.2001,0.994
26.10.2001,0.997
25.10.2001,0.984
24.10.2001,1.005
23.10.2001,1.004
22.10.2001,0.987
19.10.2001,0.973
18.10.2001,0.951
17.10.2001,0.987
16.10.2001,0.973
15.10.2001,0.968
12.10.2001,0.965
11.10.2001,0.958
10.10.2001,0.93
09.10.2001,0.909
08.10.2001,0.9
05.10.2001,0.905
04.10.2001,0.89
03.10.2001,0.879
02.10.2001,0.898
01.10.2001,0.885
28.09.2001,0.89
27.09.2001,0.876
26.09.2001,0.864
25.09.2001,0.859
24.09.2001,0.896
21.09.2001,0.91
20.09.2001,0.957
19.09.2001,0.985
18.09.2001,0.985
17.09.2001,0.971
14.09.2001,0.982
13.09.2001,0.997
12.09.2001,0.98
11.09.2001,1.04
10.09.2001,1.062
07.09.2001,1.076
06.09.2001,1.077
05.09.2001,1.088
04.09.2001,1.1
03.09.2001,1.071
31.08.2001,1.055
30.08.2001,1.062
29.08.2001,1.065
28.08.2001,1.04
27.08.2001,1.035
24.08.2001,1.034
23.08.2001,1.031
22.08.2001,1.026
21.08.2001,1.025
20.08.2001,1.004
17.08.2001,1.007
16.08.2001,1.006
15.08.2001,1.011
14.08.2001,1.015
13.08.2001,1.014
10.08.2001,1.001
09.08.2001,1.008
08.08.2001,1
07.08.2001,1
06.08.2001,1.001
03.08.2001,1.013
02.08.2001,1.017
01.08.2001,1.025
31.07.2001,1
30.07.2001,1.02
27.07.2001,1.019
26.07.2001,1.06
25.07.2001,1.004
24.07.2001,1
23.07.2001,1.003
20.07.2001,0.997
19.07.2001,1.011
18.07.2001,0.995
17.07.2001,1.01
16.07.2001,1.012
13.07.2001,0.99
12.07.2001,1.015
11.07.2001,1.015
10.07.2001,1.054
09.07.2001,1.053
06.07.2001,1.055
05.07.2001,1.083
04.07.2001,1.091
03.07.2001,1.052
02.07.2001,1.068
29.06.2001,1.1
28.06.2001,1.107
27.06.2001,1.105
26.06.2001,1.14
25.06.2001,1.173
22.06.2001,1.17
21.06.2001,1.163
20.06.2001,1.17
19.06.2001,1.175
18.06.2001,1.163
15.06.2001,1.13
14.06.2001,1.12
13.06.2001,1.124
09.06.2001,1.097
08.06.2001,1.114
07.06.2001,1.107
06.06.2001,1.137
05.06.2001,1.137
04.06.2001,1.114
01.06.2001,1.09
31.05.2001,1.068
30.05.2001,1.07
29.05.2001,1.062
28.05.2001,1.086
25.05.2001,1.123
24.05.2001,1.14
23.05.2001,1.17
22.05.2001,1.097
21.05.2001,1.09
18.05.2001,1.089
17.05.2001,1.077
16.05.2001,1.067
15.05.2001,1.062
14.05.2001,1.047
11.05.2001,1.051
10.05.2001,1.06
08.05.2001,1.063
07.05.2001,1.053
04.05.2001,1.064
03.05.2001,1.049
28.04.2001,1.045
27.04.2001,1.046
26.04.2001,1.061
25.04.2001,1.026
24.04.2001,1.036
23.04.2001,1.01
20.04.2001,1.02
19.04.2001,1.066
18.04.2001,1.085
17.04.2001,1.028
16.04.2001,1.008
13.04.2001,1.027
12.04.2001,1
11.04.2001,1.007
10.04.2001,0.97
09.04.2001,0.935
06.04.2001,0.94
05.04.2001,0.961
04.04.2001,0.922
03.04.2001,0.919
02.04.2001,0.947
30.03.2001,0.938
29.03.2001,0.9
28.03.2001,0.908
27.03.2001,0.912
26.03.2001,0.908
23.03.2001,0.918
22.03.2001,0.92
21.03.2001,0.915
20.03.2001,0.94
19.03.2001,0.94
16.03.2001,0.94
15.03.2001,0.912
14.03.2001,0.828
13.03.2001,0.786
12.03.2001,0.78
11.03.2001,0.804
07.03.2001,0.825
06.03.2001,0.79
05.03.2001,0.748
02.03.2001,0.705
01.03.2001,0.69
28.02.2001,0.674
27.02.2001,0.671
26.02.2001,0.689
23.02.2001,0.661
22.02.2001,0.676
21.02.2001,0.67
20.02.2001,0.717
19.02.2001,0.73
16.02.2001,0.745
15.02.2001,0.784
14.02.2001,0.728
13.02.2001,0.736
12.02.2001,0.715
09.02.2001,0.718
08.02.2001,0.733
07.02.2001,0.725
06.02.2001,0.739
05.02.2001,0.738
02.02.2001,0.723
01.02.2001,0.73
31.01.2001,0.755
30.01.2001,0.76
29.01.2001,0.758
26.01.2001,0.794
25.01.2001,0.805
24.01.2001,0.816
23.01.2001,0.785
22.01.2001,0.765
19.01.2001,0.802
18.01.2001,0.775
17.01.2001,0.785
16.01.2001,0.751
15.01.2001,0.753
12.01.2001,0.748
11.01.2001,0.737
10.01.2001,0.723
09.01.2001,0.707
05.01.2001,0.7
04.01.2001,0.69
03.01.2001,0.645
28.12.2000,0.7
27.12.2000,0.701
26.12.2000,0.693
25.12.2000,0.717
22.12.2000,0.725
21.12.2000,0.685
20.12.2000,0.713
19.12.2000,0.775
18.12.2000,0.787
15.12.2000,0.745
14.12.2000,0.823
13.12.2000,0.856
09.12.2000,0.84
08.12.2000,0.86
07.12.2000,0.81
06.12.2000,0.874
05.12.2000,0.855
04.12.2000,0.775
01.12.2000,0.756
30.11.2000,0.798
29.11.2000,0.92
28.11.2000,0.96
27.11.2000,0.999
24.11.2000,0.957
23.11.2000,0.937
22.11.2000,0.96
21.11.2000,1.009
20.11.2000,1.031
17.11.2000,1.062
16.11.2000,1.045
15.11.2000,1.045
14.11.2000,1.071
13.11.2000,1.04
10.11.2000,1.077
09.11.2000,1.086
08.11.2000,1.127
04.11.2000,1.155
03.11.2000,1.146
02.11.2000,1.152
01.11.2000,1.138
31.10.2000,1.125
30.10.2000,1.124
27.10.2000,1.162
26.10.2000,1.148
25.10.2000,1.152
24.10.2000,1.18
23.10.2000,1.161
20.10.2000,1.168
19.10.2000,1.081
18.10.2000,1.03
17.10.2000,1.12
16.10.2000,1.099
13.10.2000,1.02
12.10.2000,1.038
11.10.2000,1.044
10.10.2000,1.104
09.10.2000,1.114
06.10.2000,1.136
05.10.2000,1.144
04.10.2000,1.156
03.10.2000,1.211
02.10.2000,1.165
29.09.2000,1.153
28.09.2000,1.145
27.09.2000,1.14
26.09.2000,1.123
25.09.2000,1.161
22.09.2000,1.068
21.09.2000,1.16
20.09.2000,1.159
19.09.2000,1.22
18.09.2000,1.195
15.09.2000,1.278
14.09.2000,1.29
13.09.2000,1.278
12.09.2000,1.31
11.09.2000,1.33
08.09.2000,1.349
07.09.2000,1.367
06.09.2000,1.401
05.09.2000,1.4
04.09.2000,1.405
01.09.2000,1.381
31.08.2000,1.403
30.08.2000,1.414
29.08.2000,1.439
28.08.2000,1.38
25.08.2000,1.4
24.08.2000,1.399
23.08.2000,1.341
22.08.2000,1.375
21.08.2000,1.339
18.08.2000,1.33
17.08.2000,1.355
16.08.2000,1.385
15.08.2000,1.415
14.08.2000,1.426
11.08.2000,1.385
10.08.2000,1.38
09.08.2000,1.41
08.08.2000,1.394
07.08.2000,1.387
04.08.2000,1.374
03.08.2000,1.33
02.08.2000,1.3
01.08.2000,1.314
31.07.2000,1.31
28.07.2000,1.313
27.07.2000,1.308
26.07.2000,1.29
25.07.2000,1.291
24.07.2000,1.309
21.07.2000,1.295
20.07.2000,1.285
19.07.2000,1.296
18.07.2000,1.335
17.07.2000,1.352
14.07.2000,1.351
13.07.2000,1.35
12.07.2000,1.38
11.07.2000,1.347
10.07.2000,1.386
07.07.2000,1.3
06.07.2000,1.28
05.07.2000,1.101
04.07.2000,1.103
03.07.2000,1.066
30.06.2000,0.975
29.06.2000,0.882
28.06.2000,0.955
27.06.2000,0.936
26.06.2000,1.01
23.06.2000,1.03
22.06.2000,1.036
21.06.2000,1.013
20.06.2000,1.049
19.06.2000,1.094
16.06.2000,1.14
15.06.2000,1.133
14.06.2000,1.17
13.06.2000,1.19
08.06.2000,1.2
07.06.2000,1.185
06.06.2000,1.129
05.06.2000,1.211
02.06.2000,1.25
01.06.2000,1.18
31.05.2000,1.13
30.05.2000,1.107
29.05.2000,1.061
26.05.2000,1.065
25.05.2000,1.018
24.05.2000,0.976
23.05.2000,1.025
22.05.2000,1.125
19.05.2000,1.196
18.05.2000,1.265
17.05.2000,1.276
16.05.2000,1.41
15.05.2000,1.388
12.05.2000,1.404
11.05.2000,1.44
10.05.2000,1.455
06.05.2000,1.467
05.05.2000,1.45
04.05.2000,1.46
03.05.2000,1.467
28.04.2000,1.487
27.04.2000,1.433
26.04.2000,1.48
25.04.2000,1.423
24.04.2000,1.401
21.04.2000,1.44
20.04.2000,1.41
19.04.2000,1.38
18.04.2000,1.385
17.04.2000,1.38
14.04.2000,1.502
13.04.2000,1.513
12.04.2000,1.522
11.04.2000,1.475
10.04.2000,1.55
07.04.2000,1.416
06.04.2000,1.425
05.04.2000,1.398
04.04.2000,1.521
03.04.2000,1.385
31.03.2000,1.42
30.03.2000,1.385
29.03.2000,1.44
28.03.2000,1.395
24.03.2000,1.522
23.03.2000,1.529
22.03.2000,1.51
21.03.2000,1.46
20.03.2000,1.399
17.03.2000,1.425
16.03.2000,1.435
15.03.2000,1.494
14.03.2000,1.567
13.03.2000,1.525
10.03.2000,1.62
09.03.2000,1.536
07.03.2000,1.47
06.03.2000,1.405
03.03.2000,1.409
02.03.2000,1.369
01.03.2000,1.392
29.02.2000,1.348
28.02.2000,1.296
25.02.2000,1.365
24.02.2000,1.43
23.02.2000,1.395
22.02.2000,1.37
21.02.2000,1.354
18.02.2000,1.372
17.02.2000,1.382
16.02.2000,1.335
15.02.2000,1.27
14.02.2000,1.321
11.02.2000,1.3
10.02.2000,1.3
09.02.2000,1.307
08.02.2000,1.303
07.02.2000,1.236
04.02.2000,1.235
03.02.2000,1.209
02.02.2000,1.143
01.02.2000,1.127
31.01.2000,1.137
28.01.2000,1.2
27.01.2000,1.325
26.01.2000,1.25
25.01.2000,1.19
24.01.2000,1.235
21.01.2000,1.366
20.01.2000,1.337
19.01.2000,1.216
18.01.2000,1.315
17.01.2000,1.376
14.01.2000,1.499
13.01.2000,1.39
12.01.2000,1.265
11.01.2000,1.217
10.01.2000,1.341
06.01.2000,1.267
05.01.2000,1.218
